-- --------------------------------------------------------
-- Host: 127.0.0.1
-- Server version:Microsoft SQL Server 2022 (RTM) - 16.0.1000.6
-- Server OS:Linux (Ubuntu 20.04.5 LTS) <X64>
-- HeidiSQL Version: 12.1.0.6537
-- --------------------------------------------------------

/*!40101 SET @OLD_CHARACTER_SET_CLIENT=@@CHARACTER_SET_CLIENT */;
/*!40101 SET NAMES  */;
/*!40103 SET @OLD_TIME_ZONE=@@TIME_ZONE */;
/*!40103 SET TIME_ZONE='+00:00' */;
/*!40014 SET @OLD_FOREIGN_KEY_CHECKS=@@FOREIGN_KEY_CHECKS, FOREIGN_KEY_CHECKS=0 */;
/*!40101 SET @OLD_SQL_MODE=@@SQL_MODE, SQL_MODE='NO_AUTO_VALUE_ON_ZERO' */;
/*!40111 SET @OLD_SQL_NOTES=@@SQL_NOTES, SQL_NOTES=0 */;
CREATE DATABASE se07;
-- Dumping database structure for se07
USE se07;
-- Dumping structure for table se07.users
CREATE TABLE users
(
    ID       INT IDENTITY (1, 1) NOT NULL,
    username VARCHAR(30)         NOT NULL,
    password VARCHAR(30)         NOT NULL,
    role     INT                 NOT NULL,
    PRIMARY KEY (ID),
    CONSTRAINT chk_role CHECK (role IN (0, 1, 2))
);

-- Dumping data for table se07.users: -1 rows
/*!40000 ALTER TABLE users DISABLE KEYS */;
INSERT INTO users (username, password, role)
VALUES ('admin', '123456', 1),
       ('hogiadinh1', '111111', 2),
       ('thuquy', 'password', 0),
       ('hogiadinh2', '666', 2),
       ('hogiadinh3', '1den9', 2),
       ('hogiadinh4', 'psswd', 2);

/*!40000 ALTER TABLE ho_gia_dinh_user ENABLE KEYS */;

-- Dumping structure for table se07.ho_khau
CREATE TABLE ho_khau
(
    maHoKhau        VARCHAR(30)   NOT NULL,
    chuHo           NVARCHAR(50)  NOT NULL,
    diaChi          NVARCHAR(100) NOT NULL,
    ngayLap         DATE          NOT NULL,
    idNguoiThucHien INT           NOT NULL,
    PRIMARY KEY (maHoKhau),
    CONSTRAINT ho_khau_FK1 FOREIGN KEY (idNguoiThucHien) REFERENCES users (ID)
);

/*!40000 ALTER TABLE ho_khau DISABLE KEYS */;
INSERT INTO ho_khau (maHoKhau, chuHo, diaChi, ngayLap, idNguoiThucHien)
VALUES ('HK1', N'Trịnh Văn An', N'Số 1, Tạ Quang Bửu, Hai Bà trưng, Hà Nội', '2023-01-05', 1),
       ('HK2', N'Trần Thanh Duyên', N'Số 2, Tạ Quang Bửu, Hai Bà Trưng, Hà Nội', '2022-12-29', 1),
       ('HK3', N'Nguyễn Tiến Dũng', N'Số 4, Tạ Quang Bửu, Hai Bà Trưng, Hà Nội', '2023-01-03', 1),
       ('HK4', N'Nguyễn Tiến Đạt', N'Số 3, Tạ Quang Bửu, Hai Bà Trưng, Hà Nội', '2023-01-04', 5);
/*!40000 ALTER TABLE ho_khau ENABLE KEYS */;
-- Dumping structure for table se07.ho_gia_dinh_user
CREATE TABLE ho_gia_dinh_user
(
    ID       INT         NOT NULL,
    maHoKhau VARCHAR(30) NOT NULL,

    PRIMARY KEY (ID, maHoKhau),
    CONSTRAINT ho_gia_dinh_user_FK1 FOREIGN KEY (ID) REFERENCES users (ID),
    CONSTRAINT ho_gia_dinh_user_FK2 FOREIGN KEY (maHoKhau) REFERENCES ho_khau (maHoKhau)
);

-- Dumping data for table se07.ho_gia_dinh_user: -1 rows
/*!40000 ALTER TABLE ho_gia_dinh_user DISABLE KEYS */;
INSERT INTO ho_gia_dinh_user (ID, maHoKhau)
VALUES (2, 'HK1'),
       (4, 'HK2'),
       (5, 'HK3'),
       (6, 'HK4');

-- Dumping structure for table se07.nhan_khau
CREATE TABLE nhan_khau
(
    maNhanKhau      VARCHAR(30)  NOT NULL,
    maHoKhau        VARCHAR(30)  NOT NULL,
    hoTen           NVARCHAR(50) NOT NULL,
    bietDanh        NVARCHAR(50) NULL     DEFAULT NULL,
    ngaySinh        DATE         NOT NULL,
    gioiTinh        NVARCHAR(3)  NOT NULL,
    tonGiao         NVARCHAR(20) NULL     DEFAULT NULL,
    tinhTrang       NVARCHAR(15) NOT NULL DEFAULT N'Chờ xác nhận',
    idNguoiThucHien INT          NOT NULL,

    PRIMARY KEY (maNhanKhau),
    CONSTRAINT nhan_khau_FK2 FOREIGN KEY (idNguoiThucHien) REFERENCES users (ID),
    CONSTRAINT nhan_khau_FK1 FOREIGN KEY (maHoKhau) REFERENCES ho_khau (maHoKhau)
);

-- Dumping data for table se07.nhan_khau: -1 rows
/*!40000 ALTER TABLE nhan_khau DISABLE KEYS */;
INSERT INTO nhan_khau (maNhanKhau, maHoKhau, hoTen, bietDanh, ngaySinh, gioiTinh, tonGiao, tinhTrang, idNguoiThucHien)
VALUES ('NK1', 'HK1', N'Trịnh Văn An', NULL, '1974-12-07', N'Nam', NULL, N'Đã xác nhận', 1),
       ('NK2', 'HK1', N'Trịnh Văn Quyết', NULL, '2000-04-05', N'Nam', NULL, N'Đã xác nhận', 2),
       ('NK3', 'HK2', N'Trần Thanh Duyên', NULL, '1977-12-23', N'Nữ', NULL, N'Đã xác nhận', 1),
       ('NK4', 'HK2', N'Nguyễn Minh Quân', NULL, '1977-05-31', N'Nam', NULL, N'Đã xác nhận', 4),
       ('NK5', 'HK3', N'Nguyễn Tiến Dũng', NULL, '1964-06-03', N'Nam', NULL, N'Đã xác nhận', 1),
       ('NK6', 'HK4', N'Nguyễn Tiến Đạt', NULL, '1989-11-23', N'Nam', NULL, N'Đã xác nhận', 5),
       ('NK7', 'HK4', N'Nguyễn Trà My', NULL, '1990-05-18', N'Nữ', NULL, N'Đã xác nhận', 5),
       ('NK8', 'HK4', N'Nguyễn Văn Nam', NULL, '2015-06-29', N'Nam', NULL, N'Đã xác nhận', 6),
       ('NK9', 'HK4', N'Nguyễn Thị Huyền', NULL, '2018-04-13', N'Nữ', NULL, N'Đã xác nhận', 6);

-- Dumping structure for table se07.phan_thuong
CREATE TABLE phan_thuong
(
    maPhanThuong  INT IDENTITY (1, 1) NOT NULL,
    tenPhanThuong NVARCHAR(100)       NOT NULL,
    giaTri        INT                 NOT NULL,
    PRIMARY KEY (maPhanThuong),
    CONSTRAINT chk_giaTri CHECK (giaTri > 0)
);

-- Dumping data for table se07.phan_thuong: -1 rows
/*!40000 ALTER TABLE phan_thuong DISABLE KEYS */;
INSERT INTO phan_thuong (tenPhanThuong, giaTri)
VALUES (N'bim bim', 5000),
       (N'vở ô ly', 20000),
       (N'laptop', 20000000),
       (N'kẹo mút', 2000),
       (N'bánh quy', 50000),
       (N'lì xì', 100000);
/*!40000 ALTER TABLE phan_thuong ENABLE KEYS */;

-- Dumping structure for table se07.tam_tru
CREATE TABLE tam_tru
(
    maTamTru        INT IDENTITY (1,1),
    maHoKhau        VARCHAR(30)   NOT NULL,
    CCCD            VARCHAR(12)   NOT NULL,
    hoTen           NVARCHAR(50)  NOT NULL,
    tuNgay          DATE          NOT NULL,
    denNgay         DATE          NOT NULL,
    lyDo            NVARCHAR(500) NOT NULL,
    tinhTrang       NVARCHAR(15)  NOT NULL DEFAULT N'Chờ xác nhận',
    idNguoiThucHien INT           NOT NULL,
    PRIMARY KEY (maTamTru),
    CONSTRAINT tam_tru_FK1 FOREIGN KEY (idNguoiThucHien) REFERENCES users (ID),
    CONSTRAINT tam_tru_FK2 FOREIGN KEY (maHoKhau) REFERENCES ho_khau (maHoKhau) ON DELETE CASCADE
);

-- Dumping data for table se07.tam_tru: -1 rows
/*!40000 ALTER TABLE tam_tru DISABLE KEYS */;
INSERT INTO tam_tru (maHoKhau, CCCD, hoTen, tuNgay, denNgay, lyDo, tinhTrang, idNguoiThucHien)
VALUES ('HK1', '087084000999', N'Nguyễn Đức Anh', '2023-01-07', '2023-01-15', N'Lên Hà Nội chơi', N'Đã xác nhận', 5),
       ('HK2', '001088012345', N'Nguyễn Mỹ Linh', '2023-01-31', '2023-07-31', N'Đến ở nhờ do sửa nhà', N'Chờ xác nhận',
        4);
/*!40000 ALTER TABLE tam_tru ENABLE KEYS */;

-- Dumping structure for table se07.tam_vang
CREATE TABLE tam_vang
(
    maTamVang       INT IDENTITY (1,1),
    maNhanKhau      VARCHAR(30)   NOT NULL,
    noiTamVang      NVARCHAR(100) NOT NULL,
    tuNgay          DATE          NOT NULL,
    denNgay         DATE          NOT NULL,
    lydo            NVARCHAR(500) NOT NULL,
    tinhTrang       NVARCHAR(15)  NOT NULL DEFAULT N'Chờ xác nhận',
    idNguoiThucHien INT           NOT NULL,
    PRIMARY KEY (maTamVang),

    CONSTRAINT tam_vang_FK1 FOREIGN KEY (idNguoiThucHien) REFERENCES users (ID),
    CONSTRAINT tam_vang_FK2 FOREIGN KEY (maNhanKhau) REFERENCES nhan_khau (maNhanKhau) ON DELETE CASCADE
);

-- Dumping data for table se07.tam_vang: -1 rows
/*!40000 ALTER TABLE tam_vang DISABLE KEYS */;
INSERT INTO tam_vang (maNhanKhau, noiTamVang, tuNgay, denNgay, lydo, tinhTrang, idNguoiThucHien)
VALUES ('NK2', N'Điện Biên', '2023-02-27', '2024-02-27', N'Đi nghĩa vụ quân sự', N'Chờ xác nhận', 2);
/*!40000 ALTER TABLE tam_vang ENABLE KEYS */;

CREATE TABLE dip_trao_thuong
(
    id          INT IDENTITY (1,1) PRIMARY KEY,
    tenDip      NVARCHAR(30) NOT NULL,
    nam         INT          NOT NULL,
    ngayTao     DATE         NOT NULL,
    ngayKetThuc DATE         NOT NULL,
    kieu        NVARCHAR(20) NOT NULL,
    ghiChu      NVARCHAR(100),
    CONSTRAINT chk_kieu CHECK (kieu IN (N'Thành tích', N'Dịp đặc biệt'))
);

INSERT INTO dip_trao_thuong (tenDip, nam, ngayTao, ngayKetThuc, kieu)
VALUES (N'Trung Thu', 2022, '2022-10-07', '2022-10-21', N'Dịp đặc biệt'),
       (N'Năm mới', 2023, '2022-12-01', '2022-12-31', N'Dịp đặc biệt'),
       (N'Thành tích học tập kỳ I', 2022, '2022-12-20', '2023-01-10', N'Thành tích');

-- Dumping structure for table se07.thong_tin_dip_dac_biet
CREATE TABLE thong_tin_dip_dac_biet
(
    idNhap          INT IDENTITY (1, 1) NOT NULL,
    idDip           INT                 NOT NULL,
    maNhanKhau      VARCHAR(30)         NOT NULL,
    tinhTrang       NVARCHAR(15)        NULL DEFAULT N'Chờ xác nhận',
    idNguoiThucHien INT                 NOT NULL,
    PRIMARY KEY (idNhap),
    CONSTRAINT thong_tin_dip_dac_biet_FK1 FOREIGN KEY (maNhanKhau) REFERENCES nhan_khau (maNhanKhau) ON DELETE CASCADE,
    CONSTRAINT thong_tin_dip_dac_biet_FK2 FOREIGN KEY (idDip) REFERENCES dip_trao_thuong (id) ON DELETE CASCADE,
    CONSTRAINT thong_tin_dip_dac_biet_FK3 FOREIGN KEY (idNguoiThucHien) REFERENCES users (ID),
);

-- Dumping data for table se07.thong_tin_dip_dac_biet: -1 rows
/*!40000 ALTER TABLE thong_tin_dip_dac_biet DISABLE KEYS */;
INSERT INTO thong_tin_dip_dac_biet (maNhanKhau, idDip, tinhTrang, idNguoiThucHien)
VALUES ('NK8', 1, N'Đã xác nhận', 6),
       ('NK9', 1, N'Đã xác nhận', 6),
       ('NK8', 2, N'Chờ xác nhận', 6),
       ('NK9', 2, N'Đã xác nhận', 6);
/*!40000 ALTER TABLE thong_tin_dip_dac_biet ENABLE KEYS */;

-- Dumping structure for table se07.thong_tin_thanh_tich
CREATE TABLE thong_tin_thanh_tich
(
    idNhap          INT IDENTITY (1, 1) NOT NULL,
    idDip           INT                 NOT NULL,
    maNhanKhau      VARCHAR(30)         NOT NULL,
    lop             INT                 NOT NULL,
    truong          NVARCHAR(100)       NOT NULL,
    capThanhTich    NVARCHAR(20)        NOT NULL,
    kieuThanhTich   NVARCHAR(20)        NOT NULL,
    minhChung       VARBINARY(MAX)      NOT NULL,
    tinhTrang       NVARCHAR(15)        NULL DEFAULT N'Chờ xác nhận',
    idNguoiThucHien INT                 NOT NULL,
    PRIMARY KEY (idNhap),
    CONSTRAINT thong_tin_thanh_tich_FK3 FOREIGN KEY (idDip) REFERENCES dip_trao_thuong (id) ON DELETE CASCADE,
    CONSTRAINT thong_tin_thanh_tich_FK2 FOREIGN KEY (idNguoiThucHien) REFERENCES users (ID),
    CONSTRAINT thong_tin_thanh_tich_FK1 FOREIGN KEY (maNhanKhau) REFERENCES nhan_khau (maNhanKhau) ON DELETE CASCADE
);

-- Dumping data for table se07.thong_tin_thanh_tich: -1 rows
/*!40000 ALTER TABLE thong_tin_thanh_tich DISABLE KEYS */;

-- Dumping structure for table se07.trao_thuong_dip_dac_biet
CREATE TABLE trao_thuong_dip_dac_biet
(
    idNhap       INT NOT NULL,
    maPhanThuong INT NOT NULL,
    soLuong      INT NOT NULL,

    PRIMARY KEY (idNhap, maPhanThuong),
    CONSTRAINT trao_thuong_dip_dac_biet_FK1 FOREIGN KEY (idNhap) REFERENCES thong_tin_dip_dac_biet (idNhap) ON DELETE CASCADE,
    CONSTRAINT trao_thuong_dip_dac_biet_FK2 FOREIGN KEY (maPhanThuong) REFERENCES phan_thuong (maPhanThuong),
    CONSTRAINT chk_soLuong CHECK (soLuong > 0)
);

-- Dumping data for table se07.trao_thuong_dip_dac_biet: -1 rows
/*!40000 ALTER TABLE trao_thuong_dip_dac_biet DISABLE KEYS */;
INSERT INTO trao_thuong_dip_dac_biet (idNhap, maPhanThuong, soLuong)
VALUES (1, 1, 2),
       (1, 4, 5),
       (2, 1, 2),
       (2, 4, 5),
       (4, 6, 1);
/*!40000 ALTER TABLE trao_thuong_dip_dac_biet ENABLE KEYS */;

-- Dumping structure for table se07.trao_thuong_thanh_tich
CREATE TABLE trao_thuong_thanh_tich
(
    idNhap       INT NOT NULL,
    maPhanThuong INT NOT NULL,
    soLuong      INT NOT NULL,

    PRIMARY KEY (idNhap, maPhanThuong),
    CONSTRAINT trao_thuong_thanh_tich_FK1 FOREIGN KEY (idNhap) REFERENCES thong_tin_thanh_tich (idNhap) ON DELETE CASCADE,
    CONSTRAINT trao_thuong_thanh_tich_FK2 FOREIGN KEY (maPhanThuong) REFERENCES phan_thuong (maPhanThuong),
    CONSTRAINT check_soLuong CHECK (soLuong > 0)
);

/*!40103 SET TIME_ZONE=IFNULL(@OLD_TIME_ZONE, 'system') */;
/*!40101 SET SQL_MODE=IFNULL(@OLD_SQL_MODE, '') */;
/*!40014 SET FOREIGN_KEY_CHECKS=IFNULL(@OLD_FOREIGN_KEY_CHECKS, 1) */;
/*!40101 SET VARCHARACTER_SET_CLIENT=@OLD_CHARACTER_SET_CLIENT */;
/*!40111 SET SQL_NOTES=IFNULL(@OLD_SQL_NOTES, 1) */;

--hộ khẩu--

insert into ho_khau(maHoKhau,chuHo, diaChi, ngayLap, idNguoiThucHien)VALUES ('HK6',N'Đặng Thị Như An', N'số 1,Bạch Mai, Hà Nội', '2022-07-19', 1)
insert into ho_khau(maHoKhau,chuHo, diaChi, ngayLap, idNguoiThucHien)VALUES ('HK7',N'Trần Khánh Quỳnh An', N'số 7 Nguyễn Lương Bằng, Hà Nội', '2023-01-11', 1)
insert into ho_khau(maHoKhau,chuHo, diaChi, ngayLap, idNguoiThucHien)VALUES ('HK8',N'Lê Thị Quỳnh An', N'số 8 Trần Thánh Tông, Hà Nội', '2022-07-13', 1)
insert into ho_khau(maHoKhau,chuHo, diaChi, ngayLap, idNguoiThucHien)VALUES ('HK9',N'Nguyễn Văn Như An', N'số 4,Nguyễn Lương Bằng, Hà Nội', '2022-03-12', 1)
insert into ho_khau(maHoKhau,chuHo, diaChi, ngayLap, idNguoiThucHien)VALUES ('HK10',N'Trần Khánh Nam', N'số 4,Trần Nhật Duật, Hà Nội', '2022-12-31', 1)
insert into ho_khau(maHoKhau,chuHo, diaChi, ngayLap, idNguoiThucHien)VALUES ('HK11',N'Đặng Văn Như An', N'số 7 Bạch Mai, Hà Nội', '2022-05-09', 1)
insert into ho_khau(maHoKhau,chuHo, diaChi, ngayLap, idNguoiThucHien)VALUES ('HK12',N'Trần Khánh Mai Hòa', N'số 8 Trần Nhật Duật, Hà Nội', '2022-06-02', 1)
insert into ho_khau(maHoKhau,chuHo, diaChi, ngayLap, idNguoiThucHien)VALUES ('HK13',N'Lê Thị Anh Nam', N'số 2,Trần Nhật Duật, Hà Nội', '2022-08-09', 1)
insert into ho_khau(maHoKhau,chuHo, diaChi, ngayLap, idNguoiThucHien)VALUES ('HK14',N'Lê Thị Mai An', N'số 1,Bạch Mai, Hà Nội', '2022-12-08', 1)
insert into ho_khau(maHoKhau,chuHo, diaChi, ngayLap, idNguoiThucHien)VALUES ('HK15',N'Trần Khánh Như Hòa', N'số 4,Lê Lợi, Hà Nội', '2022-11-01', 1)
insert into ho_khau(maHoKhau,chuHo, diaChi, ngayLap, idNguoiThucHien)VALUES ('HK16',N'Trần Thị Trúc Nam', N'số 7 Lê Lợi, Hà Nội', '2022-08-04', 1)
insert into ho_khau(maHoKhau,chuHo, diaChi, ngayLap, idNguoiThucHien)VALUES ('HK17',N'Đặng Khánh Quỳnh Hòa', N'số 5 Trần Nhật Duật, Hà Nội', '2022-05-02', 1)
insert into ho_khau(maHoKhau,chuHo, diaChi, ngayLap, idNguoiThucHien)VALUES ('HK18',N'Đặng Thị Thành', N'số 5 Trần Thánh Tông, Hà Nội', '2022-12-06', 1)
insert into ho_khau(maHoKhau,chuHo, diaChi, ngayLap, idNguoiThucHien)VALUES ('HK19',N'Nguyễn Khánh Quỳnh Thành', N'số 7 Lê Lợi, Hà Nội', '2022-05-15', 1)
insert into ho_khau(maHoKhau,chuHo, diaChi, ngayLap, idNguoiThucHien)VALUES ('HK20',N'Đặng Văn Nam', N'số 6 Trần Thánh Tông, Hà Nội', '2022-12-11', 1)
insert into ho_khau(maHoKhau,chuHo, diaChi, ngayLap, idNguoiThucHien)VALUES ('HK21',N'Trần Thị Quỳnh Thành', N'số 5 Lê Lợi, Hà Nội', '2022-03-13', 1)
insert into ho_khau(maHoKhau,chuHo, diaChi, ngayLap, idNguoiThucHien)VALUES ('HK22',N'Đặng Thị Quỳnh Nam', N'số 1,Lê Lợi, Hà Nội', '2022-05-08', 1)
insert into ho_khau(maHoKhau,chuHo, diaChi, ngayLap, idNguoiThucHien)VALUES ('HK23',N'Nguyễn Văn Hòa', N'số 3,Bạch Mai, Hà Nội', '2022-09-28', 1)
insert into ho_khau(maHoKhau,chuHo, diaChi, ngayLap, idNguoiThucHien)VALUES ('HK24',N'Đặng Khánh Như Toàn', N'số 4,Trần Nhật Duật, Hà Nội', '2023-01-09', 1)
insert into ho_khau(maHoKhau,chuHo, diaChi, ngayLap, idNguoiThucHien)VALUES ('HK25',N'Đặng Văn Hòa', N'số 2,Trần Thánh Tông, Hà Nội', '2022-11-23', 1)
insert into ho_khau(maHoKhau,chuHo, diaChi, ngayLap, idNguoiThucHien)VALUES ('HK26',N'Đặng Khánh Quỳnh Toàn', N'số 7 Trần Nhật Duật, Hà Nội', '2023-01-17', 1)
insert into ho_khau(maHoKhau,chuHo, diaChi, ngayLap, idNguoiThucHien)VALUES ('HK27',N'Nguyễn Thị Quỳnh Toàn', N'số 1,Trần Nhật Duật, Hà Nội', '2022-03-18', 1)
insert into ho_khau(maHoKhau,chuHo, diaChi, ngayLap, idNguoiThucHien)VALUES ('HK28',N'Lê Thị Mai Nam', N'số 4,Nguyễn Tuân, Hà Nội', '2022-05-12', 1)
insert into ho_khau(maHoKhau,chuHo, diaChi, ngayLap, idNguoiThucHien)VALUES ('HK29',N'Nguyễn Khánh Quỳnh Thành', N'số 7 Nguyễn Lương Bằng, Hà Nội', '2022-04-19', 1)
insert into ho_khau(maHoKhau,chuHo, diaChi, ngayLap, idNguoiThucHien)VALUES ('HK30',N'Lê Thị Trúc Thành', N'số 3,Trần Thánh Tông, Hà Nội', '2023-02-08', 1)
insert into ho_khau(maHoKhau,chuHo, diaChi, ngayLap, idNguoiThucHien)VALUES ('HK31',N'Nguyễn Thị Thành', N'số 5 Nguyễn Tuân, Hà Nội', '2022-11-13', 1)
insert into ho_khau(maHoKhau,chuHo, diaChi, ngayLap, idNguoiThucHien)VALUES ('HK32',N'Lê Thị Anh Thành', N'số 7 Trần Nhật Duật, Hà Nội', '2022-08-29', 1)
insert into ho_khau(maHoKhau,chuHo, diaChi, ngayLap, idNguoiThucHien)VALUES ('HK33',N'Nguyễn Khánh Anh Thành', N'số 4,Trần Nhật Duật, Hà Nội', '2022-04-23', 1)
insert into ho_khau(maHoKhau,chuHo, diaChi, ngayLap, idNguoiThucHien)VALUES ('HK34',N'Trần Khánh Như Toàn', N'số 6 Bạch Mai, Hà Nội', '2022-02-17', 1)
insert into ho_khau(maHoKhau,chuHo, diaChi, ngayLap, idNguoiThucHien)VALUES ('HK35',N'Đặng Khánh Hòa', N'số 6 Trần Nhật Duật, Hà Nội', '2022-02-23', 1)
insert into ho_khau(maHoKhau,chuHo, diaChi, ngayLap, idNguoiThucHien)VALUES ('HK36',N'Trần Văn An', N'số 4,Trần Nhật Duật, Hà Nội', '2022-12-17', 1)
insert into ho_khau(maHoKhau,chuHo, diaChi, ngayLap, idNguoiThucHien)VALUES ('HK37',N'Lê Khánh Như Toàn', N'số 4,Bạch Mai, Hà Nội', '2022-06-19', 1)
insert into ho_khau(maHoKhau,chuHo, diaChi, ngayLap, idNguoiThucHien)VALUES ('HK38',N'Đặng Khánh Anh Toàn', N'số 7 Nguyễn Lương Bằng, Hà Nội', '2022-03-31', 1)
insert into ho_khau(maHoKhau,chuHo, diaChi, ngayLap, idNguoiThucHien)VALUES ('HK39',N'Trần Khánh Quỳnh Hòa', N'số 2,Lê Lợi, Hà Nội', '2023-01-14', 1)
insert into ho_khau(maHoKhau,chuHo, diaChi, ngayLap, idNguoiThucHien)VALUES ('HK40',N'Trần Khánh Quỳnh Hòa', N'số 5 Trần Nhật Duật, Hà Nội', '2023-01-22', 1)
insert into ho_khau(maHoKhau,chuHo, diaChi, ngayLap, idNguoiThucHien)VALUES ('HK41',N'Trần Thị Mai Toàn', N'số 3,Trần Nhật Duật, Hà Nội', '2022-10-04', 1)
insert into ho_khau(maHoKhau,chuHo, diaChi, ngayLap, idNguoiThucHien)VALUES ('HK42',N'Nguyễn Khánh Mai Hòa', N'số 3,Trần Nhật Duật, Hà Nội', '2022-03-10', 1)
insert into ho_khau(maHoKhau,chuHo, diaChi, ngayLap, idNguoiThucHien)VALUES ('HK43',N'Trần Khánh Như Nam', N'số 2,Bạch Mai, Hà Nội', '2022-12-10', 1)
insert into ho_khau(maHoKhau,chuHo, diaChi, ngayLap, idNguoiThucHien)VALUES ('HK44',N'Lê Thị Quỳnh Hòa', N'số 4,Lê Lợi, Hà Nội', '2022-06-10', 1)
insert into ho_khau(maHoKhau,chuHo, diaChi, ngayLap, idNguoiThucHien)VALUES ('HK45',N'Trần Văn Trúc Toàn', N'số 6 Nguyễn Tuân, Hà Nội', '2022-06-13', 1)
insert into ho_khau(maHoKhau,chuHo, diaChi, ngayLap, idNguoiThucHien)VALUES ('HK46',N'Trần Khánh Quỳnh Nam', N'số 3,Nguyễn Tuân, Hà Nội', '2022-08-15', 1)
insert into ho_khau(maHoKhau,chuHo, diaChi, ngayLap, idNguoiThucHien)VALUES ('HK47',N'Lê Khánh Như Toàn', N'số 7 Trần Nhật Duật, Hà Nội', '2022-09-14', 1)
insert into ho_khau(maHoKhau,chuHo, diaChi, ngayLap, idNguoiThucHien)VALUES ('HK48',N'Lê Văn Như Nam', N'số 7 Trần Thánh Tông, Hà Nội', '2022-12-11', 1)
insert into ho_khau(maHoKhau,chuHo, diaChi, ngayLap, idNguoiThucHien)VALUES ('HK49',N'Đặng Khánh Anh Nam', N'số 4,Lê Lợi, Hà Nội', '2022-05-16', 1)
insert into ho_khau(maHoKhau,chuHo, diaChi, ngayLap, idNguoiThucHien)VALUES ('HK50',N'Đặng Văn Trúc Toàn', N'số 2,Trần Nhật Duật, Hà Nội', '2022-10-09', 1)
insert into ho_khau(maHoKhau,chuHo, diaChi, ngayLap, idNguoiThucHien)VALUES ('HK51',N'Nguyễn Văn Quỳnh Hòa', N'số 7 Trần Nhật Duật, Hà Nội', '2023-02-07', 1)
insert into ho_khau(maHoKhau,chuHo, diaChi, ngayLap, idNguoiThucHien)VALUES ('HK52',N'Đặng Thị Anh Thành', N'số 7 Nguyễn Lương Bằng, Hà Nội', '2022-08-31', 1)
insert into ho_khau(maHoKhau,chuHo, diaChi, ngayLap, idNguoiThucHien)VALUES ('HK53',N'Đặng Khánh Quỳnh Thành', N'số 7 Trần Nhật Duật, Hà Nội', '2022-04-02', 1)
insert into ho_khau(maHoKhau,chuHo, diaChi, ngayLap, idNguoiThucHien)VALUES ('HK54',N'Lê Khánh Quỳnh Nam', N'số 1,Bạch Mai, Hà Nội', '2022-12-22', 1)
insert into ho_khau(maHoKhau,chuHo, diaChi, ngayLap, idNguoiThucHien)VALUES ('HK55',N'Lê Văn Mai Toàn', N'số 3,Nguyễn Tuân, Hà Nội', '2022-03-06', 1)
insert into ho_khau(maHoKhau,chuHo, diaChi, ngayLap, idNguoiThucHien)VALUES ('HK56',N'Nguyễn Thị Thành', N'số 5 Lê Lợi, Hà Nội', '2023-01-31', 1)
insert into ho_khau(maHoKhau,chuHo, diaChi, ngayLap, idNguoiThucHien)VALUES ('HK57',N'Nguyễn Văn An', N'số 3,Trần Thánh Tông, Hà Nội', '2022-07-08', 1)
insert into ho_khau(maHoKhau,chuHo, diaChi, ngayLap, idNguoiThucHien)VALUES ('HK58',N'Đặng Khánh Anh Nam', N'số 2,Nguyễn Lương Bằng, Hà Nội', '2023-01-28', 1)
insert into ho_khau(maHoKhau,chuHo, diaChi, ngayLap, idNguoiThucHien)VALUES ('HK59',N'Trần Văn Thành', N'số 2,Lê Lợi, Hà Nội', '2023-01-11', 1)
insert into ho_khau(maHoKhau,chuHo, diaChi, ngayLap, idNguoiThucHien)VALUES ('HK60',N'Nguyễn Khánh Như Thành', N'số 3,Nguyễn Lương Bằng, Hà Nội', '2022-04-10', 1)
insert into ho_khau(maHoKhau,chuHo, diaChi, ngayLap, idNguoiThucHien)VALUES ('HK61',N'Trần Khánh Hòa', N'số 3,Nguyễn Lương Bằng, Hà Nội', '2022-08-28', 1)
insert into ho_khau(maHoKhau,chuHo, diaChi, ngayLap, idNguoiThucHien)VALUES ('HK62',N'Trần Thị Trúc Hòa', N'số 4,Trần Nhật Duật, Hà Nội', '2023-01-12', 1)
insert into ho_khau(maHoKhau,chuHo, diaChi, ngayLap, idNguoiThucHien)VALUES ('HK63',N'Lê Khánh Trúc Hòa', N'số 6 Trần Thánh Tông, Hà Nội', '2023-02-10', 1)
insert into ho_khau(maHoKhau,chuHo, diaChi, ngayLap, idNguoiThucHien)VALUES ('HK64',N'Lê Văn Anh An', N'số 3,Bạch Mai, Hà Nội', '2022-03-08', 1)
insert into ho_khau(maHoKhau,chuHo, diaChi, ngayLap, idNguoiThucHien)VALUES ('HK65',N'Trần Thị Thành', N'số 7 Lê Lợi, Hà Nội', '2022-04-13', 1)
insert into ho_khau(maHoKhau,chuHo, diaChi, ngayLap, idNguoiThucHien)VALUES ('HK66',N'Nguyễn Khánh Thành', N'số 6 Nguyễn Lương Bằng, Hà Nội', '2022-07-19', 1)
insert into ho_khau(maHoKhau,chuHo, diaChi, ngayLap, idNguoiThucHien)VALUES ('HK67',N'Trần Thị Trúc An', N'số 5 Trần Nhật Duật, Hà Nội', '2023-01-29', 1)
insert into ho_khau(maHoKhau,chuHo, diaChi, ngayLap, idNguoiThucHien)VALUES ('HK68',N'Đặng Khánh Toàn', N'số 6 Nguyễn Lương Bằng, Hà Nội', '2022-09-02', 1)
insert into ho_khau(maHoKhau,chuHo, diaChi, ngayLap, idNguoiThucHien)VALUES ('HK69',N'Lê Thị Quỳnh Thành', N'số 8 Bạch Mai, Hà Nội', '2022-08-18', 1)
insert into ho_khau(maHoKhau,chuHo, diaChi, ngayLap, idNguoiThucHien)VALUES ('HK70',N'Đặng Thị Mai Nam', N'số 3,Lê Lợi, Hà Nội', '2022-04-09', 1)
insert into ho_khau(maHoKhau,chuHo, diaChi, ngayLap, idNguoiThucHien)VALUES ('HK71',N'Đặng Khánh Mai Hòa', N'số 8 Trần Nhật Duật, Hà Nội', '2022-10-01', 1)
insert into ho_khau(maHoKhau,chuHo, diaChi, ngayLap, idNguoiThucHien)VALUES ('HK72',N'Đặng Khánh Trúc Thành', N'số 3,Nguyễn Tuân, Hà Nội', '2022-09-03', 1)
insert into ho_khau(maHoKhau,chuHo, diaChi, ngayLap, idNguoiThucHien)VALUES ('HK73',N'Đặng Khánh Thành', N'số 5 Lê Lợi, Hà Nội', '2022-11-04', 1)
insert into ho_khau(maHoKhau,chuHo, diaChi, ngayLap, idNguoiThucHien)VALUES ('HK74',N'Trần Khánh Quỳnh Toàn', N'số 6 Nguyễn Tuân, Hà Nội', '2022-04-29', 1)
insert into ho_khau(maHoKhau,chuHo, diaChi, ngayLap, idNguoiThucHien)VALUES ('HK75',N'Nguyễn Văn Hòa', N'số 4,Trần Thánh Tông, Hà Nội', '2022-06-26', 1)
insert into ho_khau(maHoKhau,chuHo, diaChi, ngayLap, idNguoiThucHien)VALUES ('HK76',N'Lê Khánh Thành', N'số 4,Nguyễn Tuân, Hà Nội', '2022-05-28', 1)
insert into ho_khau(maHoKhau,chuHo, diaChi, ngayLap, idNguoiThucHien)VALUES ('HK77',N'Nguyễn Văn Thành', N'số 5 Nguyễn Lương Bằng, Hà Nội', '2022-10-30', 1)
insert into ho_khau(maHoKhau,chuHo, diaChi, ngayLap, idNguoiThucHien)VALUES ('HK78',N'Trần Khánh Trúc Hòa', N'số 6 Lê Lợi, Hà Nội', '2022-10-22', 1)
insert into ho_khau(maHoKhau,chuHo, diaChi, ngayLap, idNguoiThucHien)VALUES ('HK79',N'Trần Thị Quỳnh Thành', N'số 2,Lê Lợi, Hà Nội', '2022-06-16', 1)
insert into ho_khau(maHoKhau,chuHo, diaChi, ngayLap, idNguoiThucHien)VALUES ('HK80',N'Đặng Văn Nam', N'số 6 Lê Lợi, Hà Nội', '2022-12-14', 1)
insert into ho_khau(maHoKhau,chuHo, diaChi, ngayLap, idNguoiThucHien)VALUES ('HK81',N'Trần Thị Anh Nam', N'số 7 Bạch Mai, Hà Nội', '2022-07-30', 1)
insert into ho_khau(maHoKhau,chuHo, diaChi, ngayLap, idNguoiThucHien)VALUES ('HK82',N'Đặng Thị Toàn', N'số 1,Nguyễn Tuân, Hà Nội', '2022-09-21', 1)
insert into ho_khau(maHoKhau,chuHo, diaChi, ngayLap, idNguoiThucHien)VALUES ('HK83',N'Trần Thị Như Hòa', N'số 4,Trần Thánh Tông, Hà Nội', '2022-06-05', 1)
insert into ho_khau(maHoKhau,chuHo, diaChi, ngayLap, idNguoiThucHien)VALUES ('HK84',N'Nguyễn Văn Mai Nam', N'số 8 Trần Nhật Duật, Hà Nội', '2022-06-13', 1)
insert into ho_khau(maHoKhau,chuHo, diaChi, ngayLap, idNguoiThucHien)VALUES ('HK85',N'Đặng Thị Mai An', N'số 5 Nguyễn Tuân, Hà Nội', '2022-03-18', 1)
insert into ho_khau(maHoKhau,chuHo, diaChi, ngayLap, idNguoiThucHien)VALUES ('HK86',N'Nguyễn Thị Mai Hòa', N'số 8 Nguyễn Lương Bằng, Hà Nội', '2022-07-22', 1)
insert into ho_khau(maHoKhau,chuHo, diaChi, ngayLap, idNguoiThucHien)VALUES ('HK87',N'Đặng Thị Quỳnh Thành', N'số 8 Trần Nhật Duật, Hà Nội', '2023-01-18', 1)
insert into ho_khau(maHoKhau,chuHo, diaChi, ngayLap, idNguoiThucHien)VALUES ('HK88',N'Nguyễn Khánh Hòa', N'số 2,Trần Nhật Duật, Hà Nội', '2022-12-16', 1)
insert into ho_khau(maHoKhau,chuHo, diaChi, ngayLap, idNguoiThucHien)VALUES ('HK89',N'Đặng Văn Mai Nam', N'số 6 Trần Thánh Tông, Hà Nội', '2022-02-20', 1)
insert into ho_khau(maHoKhau,chuHo, diaChi, ngayLap, idNguoiThucHien)VALUES ('HK90',N'Trần Văn Hòa', N'số 7 Nguyễn Lương Bằng, Hà Nội', '2022-05-20', 1)
insert into ho_khau(maHoKhau,chuHo, diaChi, ngayLap, idNguoiThucHien)VALUES ('HK91',N'Nguyễn Khánh Trúc Nam', N'số 2,Nguyễn Tuân, Hà Nội', '2022-03-20', 1)
insert into ho_khau(maHoKhau,chuHo, diaChi, ngayLap, idNguoiThucHien)VALUES ('HK92',N'Nguyễn Văn Trúc Hòa', N'số 1,Trần Nhật Duật, Hà Nội', '2022-07-29', 1)
insert into ho_khau(maHoKhau,chuHo, diaChi, ngayLap, idNguoiThucHien)VALUES ('HK93',N'Nguyễn Văn Toàn', N'số 7 Trần Nhật Duật, Hà Nội', '2022-06-10', 1)
insert into ho_khau(maHoKhau,chuHo, diaChi, ngayLap, idNguoiThucHien)VALUES ('HK94',N'Đặng Khánh Như Hòa', N'số 6 Lê Lợi, Hà Nội', '2022-11-08', 1)
insert into ho_khau(maHoKhau,chuHo, diaChi, ngayLap, idNguoiThucHien)VALUES ('HK95',N'Nguyễn Thị Như Toàn', N'số 6 Nguyễn Tuân, Hà Nội', '2022-04-20', 1)
insert into ho_khau(maHoKhau,chuHo, diaChi, ngayLap, idNguoiThucHien)VALUES ('HK96',N'Đặng Văn Quỳnh Toàn', N'số 3,Lê Lợi, Hà Nội', '2022-10-17', 1)
insert into ho_khau(maHoKhau,chuHo, diaChi, ngayLap, idNguoiThucHien)VALUES ('HK97',N'Trần Thị Anh Thành', N'số 7 Bạch Mai, Hà Nội', '2022-03-24', 1)
insert into ho_khau(maHoKhau,chuHo, diaChi, ngayLap, idNguoiThucHien)VALUES ('HK98',N'Nguyễn Thị Mai Thành', N'số 1,Bạch Mai, Hà Nội', '2022-03-30', 1)
insert into ho_khau(maHoKhau,chuHo, diaChi, ngayLap, idNguoiThucHien)VALUES ('HK99',N'Nguyễn Khánh Anh Hòa', N'số 2,Bạch Mai, Hà Nội', '2022-03-20', 1)
insert into ho_khau(maHoKhau,chuHo, diaChi, ngayLap, idNguoiThucHien)VALUES ('HK100',N'Nguyễn Khánh Trúc Thành', N'số 4,Trần Thánh Tông, Hà Nội', '2022-10-12', 1)
insert into ho_khau(maHoKhau,chuHo, diaChi, ngayLap, idNguoiThucHien)VALUES ('HK101',N'Đặng Thị Thành', N'số 4,Lê Lợi, Hà Nội', '2022-05-14', 1)
insert into ho_khau(maHoKhau,chuHo, diaChi, ngayLap, idNguoiThucHien)VALUES ('HK102',N'Trần Văn An', N'số 2,Nguyễn Lương Bằng, Hà Nội', '2022-10-09', 1)
insert into ho_khau(maHoKhau,chuHo, diaChi, ngayLap, idNguoiThucHien)VALUES ('HK103',N'Trần Khánh Anh An', N'số 5 Nguyễn Lương Bằng, Hà Nội', '2023-02-03', 1)
insert into ho_khau(maHoKhau,chuHo, diaChi, ngayLap, idNguoiThucHien)VALUES ('HK104',N'Lê Khánh Trúc An', N'số 5 Nguyễn Tuân, Hà Nội', '2022-09-04', 1)
insert into ho_khau(maHoKhau,chuHo, diaChi, ngayLap, idNguoiThucHien)VALUES ('HK105',N'Đặng Văn Trúc Nam', N'số 5 Bạch Mai, Hà Nội', '2022-05-26', 1)
insert into ho_khau(maHoKhau,chuHo, diaChi, ngayLap, idNguoiThucHien)VALUES ('HK106',N'Lê Thị Quỳnh Thành', N'số 6 Trần Nhật Duật, Hà Nội', '2022-02-21', 1)
insert into ho_khau(maHoKhau,chuHo, diaChi, ngayLap, idNguoiThucHien)VALUES ('HK107',N'Đặng Thị Mai An', N'số 7 Trần Thánh Tông, Hà Nội', '2022-08-17', 1)
insert into ho_khau(maHoKhau,chuHo, diaChi, ngayLap, idNguoiThucHien)VALUES ('HK108',N'Đặng Văn Như Thành', N'số 1,Nguyễn Tuân, Hà Nội', '2022-04-05', 1)
insert into ho_khau(maHoKhau,chuHo, diaChi, ngayLap, idNguoiThucHien)VALUES ('HK109',N'Lê Khánh Như Nam', N'số 8 Nguyễn Tuân, Hà Nội', '2022-08-17', 1)
insert into ho_khau(maHoKhau,chuHo, diaChi, ngayLap, idNguoiThucHien)VALUES ('HK110',N'Trần Thị Mai Nam', N'số 5 Nguyễn Lương Bằng, Hà Nội', '2022-07-22', 1)
insert into ho_khau(maHoKhau,chuHo, diaChi, ngayLap, idNguoiThucHien)VALUES ('HK111',N'Trần Khánh Anh Hòa', N'số 5 Nguyễn Tuân, Hà Nội', '2022-10-14', 1)
insert into ho_khau(maHoKhau,chuHo, diaChi, ngayLap, idNguoiThucHien)VALUES ('HK112',N'Đặng Văn Toàn', N'số 3,Lê Lợi, Hà Nội', '2022-04-08', 1)
insert into ho_khau(maHoKhau,chuHo, diaChi, ngayLap, idNguoiThucHien)VALUES ('HK113',N'Lê Văn An', N'số 3,Trần Nhật Duật, Hà Nội', '2022-05-24', 1)
insert into ho_khau(maHoKhau,chuHo, diaChi, ngayLap, idNguoiThucHien)VALUES ('HK114',N'Trần Văn Anh An', N'số 4,Lê Lợi, Hà Nội', '2022-05-05', 1)
insert into ho_khau(maHoKhau,chuHo, diaChi, ngayLap, idNguoiThucHien)VALUES ('HK115',N'Nguyễn Thị Hòa', N'số 1,Trần Thánh Tông, Hà Nội', '2022-02-26', 1)
insert into ho_khau(maHoKhau,chuHo, diaChi, ngayLap, idNguoiThucHien)VALUES ('HK116',N'Đặng Văn Quỳnh Toàn', N'số 1,Trần Nhật Duật, Hà Nội', '2023-01-05', 1)
insert into ho_khau(maHoKhau,chuHo, diaChi, ngayLap, idNguoiThucHien)VALUES ('HK117',N'Đặng Khánh Trúc Toàn', N'số 2,Nguyễn Lương Bằng, Hà Nội', '2023-02-02', 1)
insert into ho_khau(maHoKhau,chuHo, diaChi, ngayLap, idNguoiThucHien)VALUES ('HK118',N'Đặng Khánh Mai Thành', N'số 3,Trần Thánh Tông, Hà Nội', '2022-08-05', 1)
insert into ho_khau(maHoKhau,chuHo, diaChi, ngayLap, idNguoiThucHien)VALUES ('HK119',N'Nguyễn Văn Thành', N'số 2,Trần Nhật Duật, Hà Nội', '2022-10-27', 1)
insert into ho_khau(maHoKhau,chuHo, diaChi, ngayLap, idNguoiThucHien)VALUES ('HK120',N'Nguyễn Khánh Anh Thành', N'số 7 Lê Lợi, Hà Nội', '2022-12-11', 1)
insert into ho_khau(maHoKhau,chuHo, diaChi, ngayLap, idNguoiThucHien)VALUES ('HK121',N'Đặng Thị Như Toàn', N'số 7 Bạch Mai, Hà Nội', '2022-09-20', 1)
insert into ho_khau(maHoKhau,chuHo, diaChi, ngayLap, idNguoiThucHien)VALUES ('HK122',N'Nguyễn Văn Như Hòa', N'số 4,Nguyễn Lương Bằng, Hà Nội', '2022-08-24', 1)
insert into ho_khau(maHoKhau,chuHo, diaChi, ngayLap, idNguoiThucHien)VALUES ('HK123',N'Đặng Khánh Quỳnh Thành', N'số 4,Bạch Mai, Hà Nội', '2022-10-31', 1)
insert into ho_khau(maHoKhau,chuHo, diaChi, ngayLap, idNguoiThucHien)VALUES ('HK124',N'Đặng Khánh Trúc Nam', N'số 1,Trần Nhật Duật, Hà Nội', '2022-09-07', 1)
insert into ho_khau(maHoKhau,chuHo, diaChi, ngayLap, idNguoiThucHien)VALUES ('HK125',N'Lê Thị An', N'số 4,Trần Nhật Duật, Hà Nội', '2022-02-16', 1)
insert into ho_khau(maHoKhau,chuHo, diaChi, ngayLap, idNguoiThucHien)VALUES ('HK126',N'Trần Thị Như Hòa', N'số 3,Nguyễn Lương Bằng, Hà Nội', '2022-12-06', 1)
insert into ho_khau(maHoKhau,chuHo, diaChi, ngayLap, idNguoiThucHien)VALUES ('HK127',N'Lê Khánh Nam', N'số 4,Trần Nhật Duật, Hà Nội', '2023-02-04', 1)
insert into ho_khau(maHoKhau,chuHo, diaChi, ngayLap, idNguoiThucHien)VALUES ('HK128',N'Lê Văn An', N'số 2,Trần Nhật Duật, Hà Nội', '2023-02-12', 1)
insert into ho_khau(maHoKhau,chuHo, diaChi, ngayLap, idNguoiThucHien)VALUES ('HK129',N'Đặng Văn Trúc Nam', N'số 6 Lê Lợi, Hà Nội', '2022-05-23', 1)
insert into ho_khau(maHoKhau,chuHo, diaChi, ngayLap, idNguoiThucHien)VALUES ('HK130',N'Lê Thị Anh Hòa', N'số 8 Nguyễn Tuân, Hà Nội', '2022-03-24', 1)
insert into ho_khau(maHoKhau,chuHo, diaChi, ngayLap, idNguoiThucHien)VALUES ('HK131',N'Đặng Khánh Anh An', N'số 6 Nguyễn Tuân, Hà Nội', '2023-01-29', 1)
insert into ho_khau(maHoKhau,chuHo, diaChi, ngayLap, idNguoiThucHien)VALUES ('HK132',N'Trần Thị Nam', N'số 1,Lê Lợi, Hà Nội', '2022-12-13', 1)
insert into ho_khau(maHoKhau,chuHo, diaChi, ngayLap, idNguoiThucHien)VALUES ('HK133',N'Nguyễn Khánh Nam', N'số 1,Trần Nhật Duật, Hà Nội', '2022-08-25', 1)
insert into ho_khau(maHoKhau,chuHo, diaChi, ngayLap, idNguoiThucHien)VALUES ('HK134',N'Lê Khánh Trúc An', N'số 7 Nguyễn Tuân, Hà Nội', '2023-01-12', 1)
insert into ho_khau(maHoKhau,chuHo, diaChi, ngayLap, idNguoiThucHien)VALUES ('HK135',N'Trần Khánh Quỳnh An', N'số 2,Nguyễn Tuân, Hà Nội', '2022-07-29', 1)
insert into ho_khau(maHoKhau,chuHo, diaChi, ngayLap, idNguoiThucHien)VALUES ('HK136',N'Trần Văn Thành', N'số 7 Trần Nhật Duật, Hà Nội', '2022-06-26', 1)
insert into ho_khau(maHoKhau,chuHo, diaChi, ngayLap, idNguoiThucHien)VALUES ('HK137',N'Trần Văn Quỳnh Hòa', N'số 6 Trần Thánh Tông, Hà Nội', '2023-01-26', 1)
insert into ho_khau(maHoKhau,chuHo, diaChi, ngayLap, idNguoiThucHien)VALUES ('HK138',N'Nguyễn Thị Trúc Thành', N'số 7 Bạch Mai, Hà Nội', '2022-07-08', 1)
insert into ho_khau(maHoKhau,chuHo, diaChi, ngayLap, idNguoiThucHien)VALUES ('HK139',N'Nguyễn Khánh Anh Nam', N'số 5 Nguyễn Tuân, Hà Nội', '2022-12-22', 1)
insert into ho_khau(maHoKhau,chuHo, diaChi, ngayLap, idNguoiThucHien)VALUES ('HK140',N'Trần Văn Trúc An', N'số 6 Trần Nhật Duật, Hà Nội', '2022-07-05', 1)
insert into ho_khau(maHoKhau,chuHo, diaChi, ngayLap, idNguoiThucHien)VALUES ('HK141',N'Trần Thị Thành', N'số 7 Nguyễn Lương Bằng, Hà Nội', '2022-04-09', 1)
insert into ho_khau(maHoKhau,chuHo, diaChi, ngayLap, idNguoiThucHien)VALUES ('HK142',N'Đặng Văn Quỳnh Hòa', N'số 3,Nguyễn Lương Bằng, Hà Nội', '2022-12-30', 1)
insert into ho_khau(maHoKhau,chuHo, diaChi, ngayLap, idNguoiThucHien)VALUES ('HK143',N'Lê Khánh Quỳnh Nam', N'số 4,Bạch Mai, Hà Nội', '2022-05-13', 1)
insert into ho_khau(maHoKhau,chuHo, diaChi, ngayLap, idNguoiThucHien)VALUES ('HK144',N'Đặng Văn Nam', N'số 6 Lê Lợi, Hà Nội', '2023-01-01', 1)
insert into ho_khau(maHoKhau,chuHo, diaChi, ngayLap, idNguoiThucHien)VALUES ('HK145',N'Trần Văn Như Toàn', N'số 7 Nguyễn Lương Bằng, Hà Nội', '2022-05-09', 1)
insert into ho_khau(maHoKhau,chuHo, diaChi, ngayLap, idNguoiThucHien)VALUES ('HK146',N'Nguyễn Khánh Quỳnh Nam', N'số 7 Trần Thánh Tông, Hà Nội', '2022-10-06', 1)
insert into ho_khau(maHoKhau,chuHo, diaChi, ngayLap, idNguoiThucHien)VALUES ('HK147',N'Nguyễn Khánh Anh Toàn', N'số 1,Trần Thánh Tông, Hà Nội', '2022-09-03', 1)
insert into ho_khau(maHoKhau,chuHo, diaChi, ngayLap, idNguoiThucHien)VALUES ('HK148',N'Trần Khánh Như Thành', N'số 4,Trần Nhật Duật, Hà Nội', '2022-05-05', 1)
insert into ho_khau(maHoKhau,chuHo, diaChi, ngayLap, idNguoiThucHien)VALUES ('HK149',N'Trần Thị Như Nam', N'số 6 Bạch Mai, Hà Nội', '2022-04-24', 1)
insert into ho_khau(maHoKhau,chuHo, diaChi, ngayLap, idNguoiThucHien)VALUES ('HK150',N'Đặng Thị Anh Hòa', N'số 3,Trần Thánh Tông, Hà Nội', '2022-12-16', 1)
insert into ho_khau(maHoKhau,chuHo, diaChi, ngayLap, idNguoiThucHien)VALUES ('HK151',N'Lê Khánh Như An', N'số 2,Lê Lợi, Hà Nội', '2022-06-06', 1)
insert into ho_khau(maHoKhau,chuHo, diaChi, ngayLap, idNguoiThucHien)VALUES ('HK152',N'Lê Thị Trúc Nam', N'số 1,Lê Lợi, Hà Nội', '2022-09-25', 1)
insert into ho_khau(maHoKhau,chuHo, diaChi, ngayLap, idNguoiThucHien)VALUES ('HK153',N'Trần Thị Quỳnh Thành', N'số 3,Trần Nhật Duật, Hà Nội', '2022-05-19', 1)
insert into ho_khau(maHoKhau,chuHo, diaChi, ngayLap, idNguoiThucHien)VALUES ('HK154',N'Trần Khánh Mai Thành', N'số 7 Nguyễn Tuân, Hà Nội', '2022-12-01', 1)
insert into ho_khau(maHoKhau,chuHo, diaChi, ngayLap, idNguoiThucHien)VALUES ('HK155',N'Trần Văn Trúc Hòa', N'số 7 Nguyễn Lương Bằng, Hà Nội', '2022-11-11', 1)
insert into ho_khau(maHoKhau,chuHo, diaChi, ngayLap, idNguoiThucHien)VALUES ('HK156',N'Trần Khánh Như Thành', N'số 8 Lê Lợi, Hà Nội', '2022-07-08', 1)
insert into ho_khau(maHoKhau,chuHo, diaChi, ngayLap, idNguoiThucHien)VALUES ('HK157',N'Lê Thị Quỳnh Thành', N'số 3,Bạch Mai, Hà Nội', '2022-12-02', 1)
insert into ho_khau(maHoKhau,chuHo, diaChi, ngayLap, idNguoiThucHien)VALUES ('HK158',N'Trần Khánh Nam', N'số 8 Trần Nhật Duật, Hà Nội', '2023-01-03', 1)
insert into ho_khau(maHoKhau,chuHo, diaChi, ngayLap, idNguoiThucHien)VALUES ('HK159',N'Nguyễn Văn Như Hòa', N'số 3,Nguyễn Tuân, Hà Nội', '2022-06-23', 1)
insert into ho_khau(maHoKhau,chuHo, diaChi, ngayLap, idNguoiThucHien)VALUES ('HK160',N'Nguyễn Văn Mai An', N'số 8 Nguyễn Lương Bằng, Hà Nội', '2022-05-01', 1)
insert into ho_khau(maHoKhau,chuHo, diaChi, ngayLap, idNguoiThucHien)VALUES ('HK161',N'Lê Văn An', N'số 3,Bạch Mai, Hà Nội', '2023-01-26', 1)
insert into ho_khau(maHoKhau,chuHo, diaChi, ngayLap, idNguoiThucHien)VALUES ('HK162',N'Nguyễn Thị Toàn', N'số 6 Lê Lợi, Hà Nội', '2022-05-11', 1)
insert into ho_khau(maHoKhau,chuHo, diaChi, ngayLap, idNguoiThucHien)VALUES ('HK163',N'Nguyễn Thị Mai Thành', N'số 6 Trần Thánh Tông, Hà Nội', '2022-03-25', 1)
insert into ho_khau(maHoKhau,chuHo, diaChi, ngayLap, idNguoiThucHien)VALUES ('HK164',N'Lê Thị Mai An', N'số 8 Trần Nhật Duật, Hà Nội', '2022-10-22', 1)
insert into ho_khau(maHoKhau,chuHo, diaChi, ngayLap, idNguoiThucHien)VALUES ('HK165',N'Đặng Thị Như An', N'số 1,Nguyễn Tuân, Hà Nội', '2023-02-06', 1)
insert into ho_khau(maHoKhau,chuHo, diaChi, ngayLap, idNguoiThucHien)VALUES ('HK166',N'Trần Khánh Quỳnh Nam', N'số 4,Trần Nhật Duật, Hà Nội', '2022-04-24', 1)
insert into ho_khau(maHoKhau,chuHo, diaChi, ngayLap, idNguoiThucHien)VALUES ('HK167',N'Trần Thị Hòa', N'số 8 Nguyễn Lương Bằng, Hà Nội', '2022-06-03', 1)
insert into ho_khau(maHoKhau,chuHo, diaChi, ngayLap, idNguoiThucHien)VALUES ('HK168',N'Trần Văn Hòa', N'số 2,Trần Nhật Duật, Hà Nội', '2022-08-04', 1)
insert into ho_khau(maHoKhau,chuHo, diaChi, ngayLap, idNguoiThucHien)VALUES ('HK169',N'Nguyễn Thị Trúc Nam', N'số 3,Bạch Mai, Hà Nội', '2022-07-23', 1)
insert into ho_khau(maHoKhau,chuHo, diaChi, ngayLap, idNguoiThucHien)VALUES ('HK170',N'Nguyễn Thị Nam', N'số 3,Trần Thánh Tông, Hà Nội', '2023-02-02', 1)
insert into ho_khau(maHoKhau,chuHo, diaChi, ngayLap, idNguoiThucHien)VALUES ('HK171',N'Nguyễn Khánh Hòa', N'số 6 Bạch Mai, Hà Nội', '2022-10-18', 1)
insert into ho_khau(maHoKhau,chuHo, diaChi, ngayLap, idNguoiThucHien)VALUES ('HK172',N'Lê Văn Mai Toàn', N'số 7 Trần Thánh Tông, Hà Nội', '2022-03-06', 1)
insert into ho_khau(maHoKhau,chuHo, diaChi, ngayLap, idNguoiThucHien)VALUES ('HK173',N'Trần Văn Mai Nam', N'số 1,Lê Lợi, Hà Nội', '2022-12-17', 1)
insert into ho_khau(maHoKhau,chuHo, diaChi, ngayLap, idNguoiThucHien)VALUES ('HK174',N'Đặng Văn Thành', N'số 2,Nguyễn Tuân, Hà Nội', '2022-09-25', 1)
insert into ho_khau(maHoKhau,chuHo, diaChi, ngayLap, idNguoiThucHien)VALUES ('HK175',N'Trần Thị Trúc Toàn', N'số 3,Nguyễn Lương Bằng, Hà Nội', '2023-01-31', 1)
insert into ho_khau(maHoKhau,chuHo, diaChi, ngayLap, idNguoiThucHien)VALUES ('HK176',N'Lê Khánh Mai Thành', N'số 5 Trần Thánh Tông, Hà Nội', '2023-01-26', 1)
insert into ho_khau(maHoKhau,chuHo, diaChi, ngayLap, idNguoiThucHien)VALUES ('HK177',N'Nguyễn Thị Trúc Thành', N'số 4,Bạch Mai, Hà Nội', '2023-01-30', 1)
insert into ho_khau(maHoKhau,chuHo, diaChi, ngayLap, idNguoiThucHien)VALUES ('HK178',N'Đặng Thị Thành', N'số 7 Nguyễn Tuân, Hà Nội', '2022-10-02', 1)
insert into ho_khau(maHoKhau,chuHo, diaChi, ngayLap, idNguoiThucHien)VALUES ('HK179',N'Đặng Khánh Anh Thành', N'số 7 Nguyễn Lương Bằng, Hà Nội', '2022-08-25', 1)
insert into ho_khau(maHoKhau,chuHo, diaChi, ngayLap, idNguoiThucHien)VALUES ('HK180',N'Trần Thị Anh Toàn', N'số 1,Trần Nhật Duật, Hà Nội', '2022-08-09', 1)
insert into ho_khau(maHoKhau,chuHo, diaChi, ngayLap, idNguoiThucHien)VALUES ('HK181',N'Trần Khánh Mai An', N'số 1,Nguyễn Tuân, Hà Nội', '2022-06-02', 1)
insert into ho_khau(maHoKhau,chuHo, diaChi, ngayLap, idNguoiThucHien)VALUES ('HK182',N'Trần Văn Anh Nam', N'số 6 Trần Thánh Tông, Hà Nội', '2022-09-16', 1)
insert into ho_khau(maHoKhau,chuHo, diaChi, ngayLap, idNguoiThucHien)VALUES ('HK183',N'Nguyễn Khánh Mai An', N'số 8 Lê Lợi, Hà Nội', '2022-09-10', 1)
insert into ho_khau(maHoKhau,chuHo, diaChi, ngayLap, idNguoiThucHien)VALUES ('HK184',N'Nguyễn Thị Như Thành', N'số 4,Nguyễn Tuân, Hà Nội', '2022-11-13', 1)
insert into ho_khau(maHoKhau,chuHo, diaChi, ngayLap, idNguoiThucHien)VALUES ('HK185',N'Đặng Thị Anh An', N'số 3,Trần Thánh Tông, Hà Nội', '2022-10-09', 1)
insert into ho_khau(maHoKhau,chuHo, diaChi, ngayLap, idNguoiThucHien)VALUES ('HK186',N'Đặng Khánh Anh Nam', N'số 5 Bạch Mai, Hà Nội', '2023-01-22', 1)
insert into ho_khau(maHoKhau,chuHo, diaChi, ngayLap, idNguoiThucHien)VALUES ('HK187',N'Đặng Khánh Như Thành', N'số 7 Trần Thánh Tông, Hà Nội', '2022-06-12', 1)
insert into ho_khau(maHoKhau,chuHo, diaChi, ngayLap, idNguoiThucHien)VALUES ('HK188',N'Nguyễn Khánh Như Nam', N'số 2,Trần Nhật Duật, Hà Nội', '2022-04-19', 1)
insert into ho_khau(maHoKhau,chuHo, diaChi, ngayLap, idNguoiThucHien)VALUES ('HK189',N'Trần Văn Trúc Nam', N'số 8 Lê Lợi, Hà Nội', '2023-01-25', 1)
insert into ho_khau(maHoKhau,chuHo, diaChi, ngayLap, idNguoiThucHien)VALUES ('HK190',N'Đặng Thị An', N'số 7 Nguyễn Tuân, Hà Nội', '2022-07-27', 1)
insert into ho_khau(maHoKhau,chuHo, diaChi, ngayLap, idNguoiThucHien)VALUES ('HK191',N'Nguyễn Văn Mai An', N'số 6 Trần Thánh Tông, Hà Nội', '2022-06-16', 1)
insert into ho_khau(maHoKhau,chuHo, diaChi, ngayLap, idNguoiThucHien)VALUES ('HK192',N'Lê Thị An', N'số 2,Nguyễn Tuân, Hà Nội', '2022-12-03', 1)
insert into ho_khau(maHoKhau,chuHo, diaChi, ngayLap, idNguoiThucHien)VALUES ('HK193',N'Lê Thị Anh An', N'số 1,Lê Lợi, Hà Nội', '2022-09-12', 1)
insert into ho_khau(maHoKhau,chuHo, diaChi, ngayLap, idNguoiThucHien)VALUES ('HK194',N'Trần Văn An', N'số 6 Nguyễn Tuân, Hà Nội', '2022-05-26', 1)
insert into ho_khau(maHoKhau,chuHo, diaChi, ngayLap, idNguoiThucHien)VALUES ('HK195',N'Lê Văn Quỳnh An', N'số 7 Nguyễn Tuân, Hà Nội', '2022-05-03', 1)
insert into ho_khau(maHoKhau,chuHo, diaChi, ngayLap, idNguoiThucHien)VALUES ('HK196',N'Trần Văn Thành', N'số 4,Trần Nhật Duật, Hà Nội', '2022-09-23', 1)
insert into ho_khau(maHoKhau,chuHo, diaChi, ngayLap, idNguoiThucHien)VALUES ('HK197',N'Nguyễn Văn An', N'số 2,Bạch Mai, Hà Nội', '2022-04-12', 1)
insert into ho_khau(maHoKhau,chuHo, diaChi, ngayLap, idNguoiThucHien)VALUES ('HK198',N'Nguyễn Khánh Mai Thành', N'số 7 Nguyễn Tuân, Hà Nội', '2022-02-24', 1)
insert into ho_khau(maHoKhau,chuHo, diaChi, ngayLap, idNguoiThucHien)VALUES ('HK199',N'Trần Khánh Mai Nam', N'số 1,Nguyễn Tuân, Hà Nội', '2022-09-01', 1)
insert into ho_khau(maHoKhau,chuHo, diaChi, ngayLap, idNguoiThucHien)VALUES ('HK200',N'Trần Khánh Thành', N'số 4,Trần Nhật Duật, Hà Nội', '2022-08-20', 1)
insert into ho_khau(maHoKhau,chuHo, diaChi, ngayLap, idNguoiThucHien)VALUES ('HK201',N'Trần Thị Quỳnh Hòa', N'số 5 Nguyễn Tuân, Hà Nội', '2022-07-02', 1)
insert into ho_khau(maHoKhau,chuHo, diaChi, ngayLap, idNguoiThucHien)VALUES ('HK202',N'Trần Văn Trúc An', N'số 2,Trần Thánh Tông, Hà Nội', '2022-10-12', 1)
insert into ho_khau(maHoKhau,chuHo, diaChi, ngayLap, idNguoiThucHien)VALUES ('HK203',N'Nguyễn Thị Anh Thành', N'số 4,Nguyễn Lương Bằng, Hà Nội', '2022-05-06', 1)
insert into ho_khau(maHoKhau,chuHo, diaChi, ngayLap, idNguoiThucHien)VALUES ('HK204',N'Lê Khánh Như Toàn', N'số 2,Lê Lợi, Hà Nội', '2022-12-05', 1)
insert into ho_khau(maHoKhau,chuHo, diaChi, ngayLap, idNguoiThucHien)VALUES ('HK205',N'Lê Thị Quỳnh Nam', N'số 4,Trần Thánh Tông, Hà Nội', '2022-06-29', 1)
insert into ho_khau(maHoKhau,chuHo, diaChi, ngayLap, idNguoiThucHien)VALUES ('HK206',N'Lê Khánh Như Toàn', N'số 8 Nguyễn Tuân, Hà Nội', '2022-07-25', 1)
insert into ho_khau(maHoKhau,chuHo, diaChi, ngayLap, idNguoiThucHien)VALUES ('HK207',N'Nguyễn Khánh Quỳnh Hòa', N'số 7 Trần Nhật Duật, Hà Nội', '2022-07-04', 1)
insert into ho_khau(maHoKhau,chuHo, diaChi, ngayLap, idNguoiThucHien)VALUES ('HK208',N'Lê Thị Hòa', N'số 7 Trần Thánh Tông, Hà Nội', '2022-12-06', 1)
insert into ho_khau(maHoKhau,chuHo, diaChi, ngayLap, idNguoiThucHien)VALUES ('HK209',N'Đặng Khánh Anh Toàn', N'số 1,Nguyễn Lương Bằng, Hà Nội', '2022-09-22', 1)
insert into ho_khau(maHoKhau,chuHo, diaChi, ngayLap, idNguoiThucHien)VALUES ('HK210',N'Đặng Khánh An', N'số 3,Trần Thánh Tông, Hà Nội', '2022-02-15', 1)
insert into ho_khau(maHoKhau,chuHo, diaChi, ngayLap, idNguoiThucHien)VALUES ('HK211',N'Lê Thị Anh Toàn', N'số 6 Bạch Mai, Hà Nội', '2022-12-27', 1)
insert into ho_khau(maHoKhau,chuHo, diaChi, ngayLap, idNguoiThucHien)VALUES ('HK212',N'Lê Thị Anh Thành', N'số 5 Nguyễn Tuân, Hà Nội', '2022-03-05', 1)
insert into ho_khau(maHoKhau,chuHo, diaChi, ngayLap, idNguoiThucHien)VALUES ('HK213',N'Nguyễn Khánh Trúc Toàn', N'số 4,Trần Nhật Duật, Hà Nội', '2022-04-29', 1)
insert into ho_khau(maHoKhau,chuHo, diaChi, ngayLap, idNguoiThucHien)VALUES ('HK214',N'Đặng Thị Hòa', N'số 7 Lê Lợi, Hà Nội', '2022-03-12', 1)
insert into ho_khau(maHoKhau,chuHo, diaChi, ngayLap, idNguoiThucHien)VALUES ('HK215',N'Nguyễn Thị An', N'số 4,Trần Thánh Tông, Hà Nội', '2022-05-23', 1)
insert into ho_khau(maHoKhau,chuHo, diaChi, ngayLap, idNguoiThucHien)VALUES ('HK216',N'Nguyễn Thị Như Thành', N'số 7 Nguyễn Lương Bằng, Hà Nội', '2022-05-28', 1)
insert into ho_khau(maHoKhau,chuHo, diaChi, ngayLap, idNguoiThucHien)VALUES ('HK217',N'Lê Khánh Anh Toàn', N'số 3,Nguyễn Lương Bằng, Hà Nội', '2022-04-30', 1)
insert into ho_khau(maHoKhau,chuHo, diaChi, ngayLap, idNguoiThucHien)VALUES ('HK218',N'Lê Văn Toàn', N'số 5 Nguyễn Tuân, Hà Nội', '2022-07-14', 1)
insert into ho_khau(maHoKhau,chuHo, diaChi, ngayLap, idNguoiThucHien)VALUES ('HK219',N'Nguyễn Văn An', N'số 3,Nguyễn Tuân, Hà Nội', '2022-05-17', 1)
insert into ho_khau(maHoKhau,chuHo, diaChi, ngayLap, idNguoiThucHien)VALUES ('HK220',N'Lê Thị An', N'số 7 Lê Lợi, Hà Nội', '2022-03-29', 1)
insert into ho_khau(maHoKhau,chuHo, diaChi, ngayLap, idNguoiThucHien)VALUES ('HK221',N'Đặng Khánh Toàn', N'số 1,Nguyễn Tuân, Hà Nội', '2022-11-09', 1)
insert into ho_khau(maHoKhau,chuHo, diaChi, ngayLap, idNguoiThucHien)VALUES ('HK222',N'Trần Khánh Mai An', N'số 2,Trần Nhật Duật, Hà Nội', '2022-08-28', 1)
insert into ho_khau(maHoKhau,chuHo, diaChi, ngayLap, idNguoiThucHien)VALUES ('HK223',N'Đặng Thị Hòa', N'số 6 Nguyễn Tuân, Hà Nội', '2022-12-30', 1)
insert into ho_khau(maHoKhau,chuHo, diaChi, ngayLap, idNguoiThucHien)VALUES ('HK224',N'Trần Thị Thành', N'số 2,Bạch Mai, Hà Nội', '2022-02-15', 1)
insert into ho_khau(maHoKhau,chuHo, diaChi, ngayLap, idNguoiThucHien)VALUES ('HK225',N'Đặng Văn Toàn', N'số 7 Trần Nhật Duật, Hà Nội', '2022-02-20', 1)
insert into ho_khau(maHoKhau,chuHo, diaChi, ngayLap, idNguoiThucHien)VALUES ('HK226',N'Trần Khánh Quỳnh Hòa', N'số 1,Nguyễn Lương Bằng, Hà Nội', '2022-08-06', 1)
insert into ho_khau(maHoKhau,chuHo, diaChi, ngayLap, idNguoiThucHien)VALUES ('HK227',N'Đặng Thị Như An', N'số 5 Trần Nhật Duật, Hà Nội', '2023-01-06', 1)
insert into ho_khau(maHoKhau,chuHo, diaChi, ngayLap, idNguoiThucHien)VALUES ('HK228',N'Nguyễn Khánh Như Toàn', N'số 3,Nguyễn Lương Bằng, Hà Nội', '2023-01-26', 1)
insert into ho_khau(maHoKhau,chuHo, diaChi, ngayLap, idNguoiThucHien)VALUES ('HK229',N'Đặng Văn Mai Hòa', N'số 3,Nguyễn Tuân, Hà Nội', '2022-04-07', 1)
insert into ho_khau(maHoKhau,chuHo, diaChi, ngayLap, idNguoiThucHien)VALUES ('HK230',N'Đặng Thị Mai Toàn', N'số 2,Nguyễn Tuân, Hà Nội', '2023-01-10', 1)
insert into ho_khau(maHoKhau,chuHo, diaChi, ngayLap, idNguoiThucHien)VALUES ('HK231',N'Đặng Thị Như An', N'số 1,Nguyễn Lương Bằng, Hà Nội', '2023-01-29', 1)
insert into ho_khau(maHoKhau,chuHo, diaChi, ngayLap, idNguoiThucHien)VALUES ('HK232',N'Nguyễn Thị Anh Nam', N'số 5 Nguyễn Tuân, Hà Nội', '2023-01-05', 1)
insert into ho_khau(maHoKhau,chuHo, diaChi, ngayLap, idNguoiThucHien)VALUES ('HK233',N'Nguyễn Khánh Nam', N'số 3,Lê Lợi, Hà Nội', '2023-01-06', 1)
insert into ho_khau(maHoKhau,chuHo, diaChi, ngayLap, idNguoiThucHien)VALUES ('HK234',N'Lê Khánh Mai An', N'số 6 Trần Thánh Tông, Hà Nội', '2022-09-15', 1)
insert into ho_khau(maHoKhau,chuHo, diaChi, ngayLap, idNguoiThucHien)VALUES ('HK235',N'Đặng Thị Quỳnh Nam', N'số 8 Trần Nhật Duật, Hà Nội', '2022-04-13', 1)
insert into ho_khau(maHoKhau,chuHo, diaChi, ngayLap, idNguoiThucHien)VALUES ('HK236',N'Đặng Thị Mai Thành', N'số 1,Bạch Mai, Hà Nội', '2022-09-10', 1)
insert into ho_khau(maHoKhau,chuHo, diaChi, ngayLap, idNguoiThucHien)VALUES ('HK237',N'Nguyễn Thị An', N'số 8 Nguyễn Lương Bằng, Hà Nội', '2022-03-18', 1)
insert into ho_khau(maHoKhau,chuHo, diaChi, ngayLap, idNguoiThucHien)VALUES ('HK238',N'Lê Khánh Anh Hòa', N'số 6 Nguyễn Lương Bằng, Hà Nội', '2022-02-13', 1)
insert into ho_khau(maHoKhau,chuHo, diaChi, ngayLap, idNguoiThucHien)VALUES ('HK239',N'Trần Thị Mai Thành', N'số 3,Trần Nhật Duật, Hà Nội', '2022-04-27', 1)
insert into ho_khau(maHoKhau,chuHo, diaChi, ngayLap, idNguoiThucHien)VALUES ('HK240',N'Trần Văn Như An', N'số 1,Nguyễn Tuân, Hà Nội', '2022-12-25', 1)
insert into ho_khau(maHoKhau,chuHo, diaChi, ngayLap, idNguoiThucHien)VALUES ('HK241',N'Đặng Khánh Như Nam', N'số 3,Bạch Mai, Hà Nội', '2022-12-08', 1)
insert into ho_khau(maHoKhau,chuHo, diaChi, ngayLap, idNguoiThucHien)VALUES ('HK242',N'Lê Khánh Như Hòa', N'số 6 Trần Thánh Tông, Hà Nội', '2022-08-23', 1)
insert into ho_khau(maHoKhau,chuHo, diaChi, ngayLap, idNguoiThucHien)VALUES ('HK243',N'Nguyễn Văn Trúc Nam', N'số 3,Nguyễn Tuân, Hà Nội', '2023-01-22', 1)
insert into ho_khau(maHoKhau,chuHo, diaChi, ngayLap, idNguoiThucHien)VALUES ('HK244',N'Lê Khánh Trúc Nam', N'số 3,Trần Thánh Tông, Hà Nội', '2023-01-11', 1)
insert into ho_khau(maHoKhau,chuHo, diaChi, ngayLap, idNguoiThucHien)VALUES ('HK245',N'Nguyễn Văn Mai Hòa', N'số 8 Nguyễn Tuân, Hà Nội', '2022-07-31', 1)
insert into ho_khau(maHoKhau,chuHo, diaChi, ngayLap, idNguoiThucHien)VALUES ('HK246',N'Lê Khánh An', N'số 3,Lê Lợi, Hà Nội', '2022-03-30', 1)
insert into ho_khau(maHoKhau,chuHo, diaChi, ngayLap, idNguoiThucHien)VALUES ('HK247',N'Đặng Thị Mai Toàn', N'số 1,Nguyễn Tuân, Hà Nội', '2022-09-13', 1)
insert into ho_khau(maHoKhau,chuHo, diaChi, ngayLap, idNguoiThucHien)VALUES ('HK248',N'Đặng Khánh Mai An', N'số 7 Lê Lợi, Hà Nội', '2022-07-12', 1)
insert into ho_khau(maHoKhau,chuHo, diaChi, ngayLap, idNguoiThucHien)VALUES ('HK249',N'Nguyễn Thị Trúc Toàn', N'số 7 Nguyễn Tuân, Hà Nội', '2022-03-15', 1)
insert into ho_khau(maHoKhau,chuHo, diaChi, ngayLap, idNguoiThucHien)VALUES ('HK250',N'Đặng Thị Quỳnh Thành', N'số 6 Nguyễn Tuân, Hà Nội', '2022-05-03', 1)
insert into ho_khau(maHoKhau,chuHo, diaChi, ngayLap, idNguoiThucHien)VALUES ('HK251',N'Lê Văn Như Hòa', N'số 2,Trần Thánh Tông, Hà Nội', '2023-01-07', 1)
insert into ho_khau(maHoKhau,chuHo, diaChi, ngayLap, idNguoiThucHien)VALUES ('HK252',N'Lê Thị Như An', N'số 7 Bạch Mai, Hà Nội', '2022-12-14', 1)
insert into ho_khau(maHoKhau,chuHo, diaChi, ngayLap, idNguoiThucHien)VALUES ('HK253',N'Đặng Thị Toàn', N'số 1,Lê Lợi, Hà Nội', '2022-09-21', 1)
insert into ho_khau(maHoKhau,chuHo, diaChi, ngayLap, idNguoiThucHien)VALUES ('HK254',N'Lê Khánh Trúc Thành', N'số 5 Nguyễn Lương Bằng, Hà Nội', '2022-08-10', 1)
insert into ho_khau(maHoKhau,chuHo, diaChi, ngayLap, idNguoiThucHien)VALUES ('HK255',N'Lê Văn Quỳnh Thành', N'số 7 Nguyễn Tuân, Hà Nội', '2022-06-12', 1)
insert into ho_khau(maHoKhau,chuHo, diaChi, ngayLap, idNguoiThucHien)VALUES ('HK256',N'Trần Thị Anh Toàn', N'số 2,Nguyễn Lương Bằng, Hà Nội', '2022-11-28', 1)
insert into ho_khau(maHoKhau,chuHo, diaChi, ngayLap, idNguoiThucHien)VALUES ('HK257',N'Trần Thị Trúc Hòa', N'số 8 Trần Thánh Tông, Hà Nội', '2022-04-06', 1)
insert into ho_khau(maHoKhau,chuHo, diaChi, ngayLap, idNguoiThucHien)VALUES ('HK258',N'Lê Khánh Quỳnh An', N'số 1,Bạch Mai, Hà Nội', '2022-07-17', 1)
insert into ho_khau(maHoKhau,chuHo, diaChi, ngayLap, idNguoiThucHien)VALUES ('HK259',N'Đặng Thị Mai Toàn', N'số 3,Trần Nhật Duật, Hà Nội', '2022-03-05', 1)
insert into ho_khau(maHoKhau,chuHo, diaChi, ngayLap, idNguoiThucHien)VALUES ('HK260',N'Lê Khánh Quỳnh Thành', N'số 5 Bạch Mai, Hà Nội', '2022-11-06', 1)
insert into ho_khau(maHoKhau,chuHo, diaChi, ngayLap, idNguoiThucHien)VALUES ('HK261',N'Lê Thị Như An', N'số 5 Bạch Mai, Hà Nội', '2022-09-05', 1)
insert into ho_khau(maHoKhau,chuHo, diaChi, ngayLap, idNguoiThucHien)VALUES ('HK262',N'Đặng Văn Trúc Hòa', N'số 8 Bạch Mai, Hà Nội', '2022-08-20', 1)
insert into ho_khau(maHoKhau,chuHo, diaChi, ngayLap, idNguoiThucHien)VALUES ('HK263',N'Lê Thị Trúc Nam', N'số 7 Trần Nhật Duật, Hà Nội', '2022-04-14', 1)
insert into ho_khau(maHoKhau,chuHo, diaChi, ngayLap, idNguoiThucHien)VALUES ('HK264',N'Lê Văn Trúc Hòa', N'số 2,Bạch Mai, Hà Nội', '2022-05-20', 1)
insert into ho_khau(maHoKhau,chuHo, diaChi, ngayLap, idNguoiThucHien)VALUES ('HK265',N'Lê Văn Trúc An', N'số 7 Nguyễn Tuân, Hà Nội', '2022-08-02', 1)
insert into ho_khau(maHoKhau,chuHo, diaChi, ngayLap, idNguoiThucHien)VALUES ('HK266',N'Nguyễn Văn An', N'số 1,Lê Lợi, Hà Nội', '2022-07-25', 1)
insert into ho_khau(maHoKhau,chuHo, diaChi, ngayLap, idNguoiThucHien)VALUES ('HK267',N'Nguyễn Khánh Như Hòa', N'số 3,Bạch Mai, Hà Nội', '2022-05-12', 1)
insert into ho_khau(maHoKhau,chuHo, diaChi, ngayLap, idNguoiThucHien)VALUES ('HK268',N'Lê Khánh Thành', N'số 2,Nguyễn Tuân, Hà Nội', '2022-04-23', 1)
insert into ho_khau(maHoKhau,chuHo, diaChi, ngayLap, idNguoiThucHien)VALUES ('HK269',N'Trần Văn Như Nam', N'số 7 Nguyễn Tuân, Hà Nội', '2022-06-05', 1)
insert into ho_khau(maHoKhau,chuHo, diaChi, ngayLap, idNguoiThucHien)VALUES ('HK270',N'Trần Thị Trúc An', N'số 2,Bạch Mai, Hà Nội', '2022-07-22', 1)
insert into ho_khau(maHoKhau,chuHo, diaChi, ngayLap, idNguoiThucHien)VALUES ('HK271',N'Trần Khánh Mai Thành', N'số 7 Bạch Mai, Hà Nội', '2022-11-20', 1)
insert into ho_khau(maHoKhau,chuHo, diaChi, ngayLap, idNguoiThucHien)VALUES ('HK272',N'Trần Khánh Mai An', N'số 5 Nguyễn Lương Bằng, Hà Nội', '2023-02-11', 1)
insert into ho_khau(maHoKhau,chuHo, diaChi, ngayLap, idNguoiThucHien)VALUES ('HK273',N'Lê Thị Quỳnh Nam', N'số 7 Nguyễn Lương Bằng, Hà Nội', '2023-01-19', 1)
insert into ho_khau(maHoKhau,chuHo, diaChi, ngayLap, idNguoiThucHien)VALUES ('HK274',N'Đặng Khánh Nam', N'số 2,Nguyễn Tuân, Hà Nội', '2022-07-20', 1)
insert into ho_khau(maHoKhau,chuHo, diaChi, ngayLap, idNguoiThucHien)VALUES ('HK275',N'Đặng Thị Trúc Thành', N'số 6 Trần Thánh Tông, Hà Nội', '2022-12-28', 1)
insert into ho_khau(maHoKhau,chuHo, diaChi, ngayLap, idNguoiThucHien)VALUES ('HK276',N'Đặng Văn Như Nam', N'số 8 Nguyễn Lương Bằng, Hà Nội', '2023-02-02', 1)
insert into ho_khau(maHoKhau,chuHo, diaChi, ngayLap, idNguoiThucHien)VALUES ('HK277',N'Đặng Khánh Như An', N'số 8 Trần Nhật Duật, Hà Nội', '2023-01-02', 1)
insert into ho_khau(maHoKhau,chuHo, diaChi, ngayLap, idNguoiThucHien)VALUES ('HK278',N'Nguyễn Khánh Quỳnh Hòa', N'số 4,Lê Lợi, Hà Nội', '2022-03-25', 1)
insert into ho_khau(maHoKhau,chuHo, diaChi, ngayLap, idNguoiThucHien)VALUES ('HK279',N'Lê Khánh Mai Thành', N'số 4,Nguyễn Lương Bằng, Hà Nội', '2022-03-22', 1)
insert into ho_khau(maHoKhau,chuHo, diaChi, ngayLap, idNguoiThucHien)VALUES ('HK280',N'Nguyễn Thị Mai Nam', N'số 1,Nguyễn Lương Bằng, Hà Nội', '2022-07-11', 1)
insert into ho_khau(maHoKhau,chuHo, diaChi, ngayLap, idNguoiThucHien)VALUES ('HK281',N'Nguyễn Thị Anh Thành', N'số 2,Bạch Mai, Hà Nội', '2023-01-25', 1)
insert into ho_khau(maHoKhau,chuHo, diaChi, ngayLap, idNguoiThucHien)VALUES ('HK282',N'Trần Khánh Mai Nam', N'số 5 Nguyễn Tuân, Hà Nội', '2022-06-09', 1)
insert into ho_khau(maHoKhau,chuHo, diaChi, ngayLap, idNguoiThucHien)VALUES ('HK283',N'Lê Thị Quỳnh An', N'số 3,Trần Nhật Duật, Hà Nội', '2022-05-14', 1)
insert into ho_khau(maHoKhau,chuHo, diaChi, ngayLap, idNguoiThucHien)VALUES ('HK284',N'Lê Khánh Anh Nam', N'số 7 Lê Lợi, Hà Nội', '2022-03-18', 1)
insert into ho_khau(maHoKhau,chuHo, diaChi, ngayLap, idNguoiThucHien)VALUES ('HK285',N'Lê Khánh Hòa', N'số 3,Lê Lợi, Hà Nội', '2022-09-27', 1)
insert into ho_khau(maHoKhau,chuHo, diaChi, ngayLap, idNguoiThucHien)VALUES ('HK286',N'Lê Văn An', N'số 4,Trần Thánh Tông, Hà Nội', '2022-06-18', 1)
insert into ho_khau(maHoKhau,chuHo, diaChi, ngayLap, idNguoiThucHien)VALUES ('HK287',N'Trần Khánh An', N'số 8 Lê Lợi, Hà Nội', '2022-03-07', 1)
insert into ho_khau(maHoKhau,chuHo, diaChi, ngayLap, idNguoiThucHien)VALUES ('HK288',N'Trần Khánh An', N'số 7 Trần Nhật Duật, Hà Nội', '2022-09-05', 1)
insert into ho_khau(maHoKhau,chuHo, diaChi, ngayLap, idNguoiThucHien)VALUES ('HK289',N'Đặng Khánh Quỳnh An', N'số 8 Lê Lợi, Hà Nội', '2022-06-22', 1)
insert into ho_khau(maHoKhau,chuHo, diaChi, ngayLap, idNguoiThucHien)VALUES ('HK290',N'Lê Khánh Hòa', N'số 4,Bạch Mai, Hà Nội', '2022-04-11', 1)
insert into ho_khau(maHoKhau,chuHo, diaChi, ngayLap, idNguoiThucHien)VALUES ('HK291',N'Lê Khánh Quỳnh Nam', N'số 6 Nguyễn Lương Bằng, Hà Nội', '2022-03-11', 1)
insert into ho_khau(maHoKhau,chuHo, diaChi, ngayLap, idNguoiThucHien)VALUES ('HK292',N'Lê Văn Mai Nam', N'số 1,Nguyễn Tuân, Hà Nội', '2022-06-11', 1)
insert into ho_khau(maHoKhau,chuHo, diaChi, ngayLap, idNguoiThucHien)VALUES ('HK293',N'Lê Khánh Thành', N'số 5 Nguyễn Tuân, Hà Nội', '2022-09-06', 1)
insert into ho_khau(maHoKhau,chuHo, diaChi, ngayLap, idNguoiThucHien)VALUES ('HK294',N'Đặng Văn Thành', N'số 4,Trần Nhật Duật, Hà Nội', '2022-02-23', 1)
insert into ho_khau(maHoKhau,chuHo, diaChi, ngayLap, idNguoiThucHien)VALUES ('HK295',N'Trần Khánh Hòa', N'số 3,Nguyễn Tuân, Hà Nội', '2022-05-25', 1)
insert into ho_khau(maHoKhau,chuHo, diaChi, ngayLap, idNguoiThucHien)VALUES ('HK296',N'Trần Văn Mai Nam', N'số 5 Bạch Mai, Hà Nội', '2022-05-05', 1)
insert into ho_khau(maHoKhau,chuHo, diaChi, ngayLap, idNguoiThucHien)VALUES ('HK297',N'Lê Khánh Anh Nam', N'số 6 Trần Nhật Duật, Hà Nội', '2022-05-10', 1)
insert into ho_khau(maHoKhau,chuHo, diaChi, ngayLap, idNguoiThucHien)VALUES ('HK298',N'Trần Khánh Thành', N'số 5 Nguyễn Lương Bằng, Hà Nội', '2022-12-12', 1)
insert into ho_khau(maHoKhau,chuHo, diaChi, ngayLap, idNguoiThucHien)VALUES ('HK299',N'Lê Khánh Hòa', N'số 7 Nguyễn Lương Bằng, Hà Nội', '2022-07-15', 1)
insert into ho_khau(maHoKhau,chuHo, diaChi, ngayLap, idNguoiThucHien)VALUES ('HK300',N'Trần Văn Hòa', N'số 4,Trần Thánh Tông, Hà Nội', '2022-11-04', 1)
insert into ho_khau(maHoKhau,chuHo, diaChi, ngayLap, idNguoiThucHien)VALUES ('HK301',N'Trần Khánh An', N'số 6 Lê Lợi, Hà Nội', '2022-09-06', 1)
insert into ho_khau(maHoKhau,chuHo, diaChi, ngayLap, idNguoiThucHien)VALUES ('HK302',N'Nguyễn Khánh Nam', N'số 6 Trần Nhật Duật, Hà Nội', '2022-12-18', 1)
insert into ho_khau(maHoKhau,chuHo, diaChi, ngayLap, idNguoiThucHien)VALUES ('HK303',N'Nguyễn Thị Như Hòa', N'số 7 Trần Nhật Duật, Hà Nội', '2022-11-21', 1)
insert into ho_khau(maHoKhau,chuHo, diaChi, ngayLap, idNguoiThucHien)VALUES ('HK304',N'Nguyễn Thị Anh Thành', N'số 6 Nguyễn Tuân, Hà Nội', '2022-03-04', 1)
insert into ho_khau(maHoKhau,chuHo, diaChi, ngayLap, idNguoiThucHien)VALUES ('HK305',N'Lê Khánh Quỳnh Nam', N'số 5 Lê Lợi, Hà Nội', '2023-02-11', 1)

--users--

insert into users(username, password, role) values('hogiadinh7','bbTAMfwnbD',2)
insert into users(username, password, role) values('hogiadinh8','UcaMSsYkWT',2)
insert into users(username, password, role) values('hogiadinh9','QDVoOiBDxk',2)
insert into users(username, password, role) values('hogiadinh10','lhbugRtTPk',2)
insert into users(username, password, role) values('hogiadinh11','NImtzsuvKK',2)
insert into users(username, password, role) values('hogiadinh12','PHVJKarZCf',2)
insert into users(username, password, role) values('hogiadinh13','nQaBgghugr',2)
insert into users(username, password, role) values('hogiadinh14','aGpgtygbNR',2)
insert into users(username, password, role) values('hogiadinh15','nZHTAEIxMI',2)
insert into users(username, password, role) values('hogiadinh16','HWoRQCzmmQ',2)
insert into users(username, password, role) values('hogiadinh17','rEEUyhmmEw',2)
insert into users(username, password, role) values('hogiadinh18','mhAfHgvPvE',2)
insert into users(username, password, role) values('hogiadinh19','GTvPssUYse',2)
insert into users(username, password, role) values('hogiadinh20','ONmBefOqBR',2)
insert into users(username, password, role) values('hogiadinh21','WLHzVqQYWs',2)
insert into users(username, password, role) values('hogiadinh22','gpUwoncdtS',2)
insert into users(username, password, role) values('hogiadinh23','hnXfOSKXUo',2)
insert into users(username, password, role) values('hogiadinh24','iCwNgSZClJ',2)
insert into users(username, password, role) values('hogiadinh25','YtuBwsJGMe',2)
insert into users(username, password, role) values('hogiadinh26','dTFwKRJIBI',2)
insert into users(username, password, role) values('hogiadinh27','qxeombMcPL',2)
insert into users(username, password, role) values('hogiadinh28','XyqltOeFFD',2)
insert into users(username, password, role) values('hogiadinh29','XqqcEitVRN',2)
insert into users(username, password, role) values('hogiadinh30','AwdFXkiLzG',2)
insert into users(username, password, role) values('hogiadinh31','vDTaqKQIGx',2)
insert into users(username, password, role) values('hogiadinh32','ffTFCXSxVx',2)
insert into users(username, password, role) values('hogiadinh33','wpONeZLAnt',2)
insert into users(username, password, role) values('hogiadinh34','MzhkSUKDdS',2)
insert into users(username, password, role) values('hogiadinh35','GEIBlltrIz',2)
insert into users(username, password, role) values('hogiadinh36','poyCYfiiLl',2)
insert into users(username, password, role) values('hogiadinh37','psBuGmYQUN',2)
insert into users(username, password, role) values('hogiadinh38','CtilnRzdwL',2)
insert into users(username, password, role) values('hogiadinh39','HDqGPCyQht',2)
insert into users(username, password, role) values('hogiadinh40','MlKwcvOdiu',2)
insert into users(username, password, role) values('hogiadinh41','IzICvVVYyA',2)
insert into users(username, password, role) values('hogiadinh42','nkHVawwjQd',2)
insert into users(username, password, role) values('hogiadinh43','VmyZXQNSDO',2)
insert into users(username, password, role) values('hogiadinh44','ojzumUNCVV',2)
insert into users(username, password, role) values('hogiadinh45','QaBEbCDeuX',2)
insert into users(username, password, role) values('hogiadinh46','ldMEabgHyJ',2)
insert into users(username, password, role) values('hogiadinh47','sNhlfjoqSk',2)
insert into users(username, password, role) values('hogiadinh48','lQcWFfECin',2)
insert into users(username, password, role) values('hogiadinh49','zGyoDLAHmk',2)
insert into users(username, password, role) values('hogiadinh50','iKMieGmUFR',2)
insert into users(username, password, role) values('hogiadinh51','HETdzchLaC',2)
insert into users(username, password, role) values('hogiadinh52','vTHIEARftO',2)
insert into users(username, password, role) values('hogiadinh53','ttpbHVEdOw',2)
insert into users(username, password, role) values('hogiadinh54','UQszTGWeBE',2)
insert into users(username, password, role) values('hogiadinh55','zqhviJmzWj',2)
insert into users(username, password, role) values('hogiadinh56','JtQGwjvcWO',2)
insert into users(username, password, role) values('hogiadinh57','GGyyYSxTER',2)
insert into users(username, password, role) values('hogiadinh58','GfZNXUEZvZ',2)
insert into users(username, password, role) values('hogiadinh59','gDsmjcWqts',2)
insert into users(username, password, role) values('hogiadinh60','xaDeApkOks',2)
insert into users(username, password, role) values('hogiadinh61','GvspWEYAJs',2)
insert into users(username, password, role) values('hogiadinh62','YXruPKaxWV',2)
insert into users(username, password, role) values('hogiadinh63','bVDVqTRAea',2)
insert into users(username, password, role) values('hogiadinh64','ytbRmzsice',2)
insert into users(username, password, role) values('hogiadinh65','eeRVdpejTD',2)
insert into users(username, password, role) values('hogiadinh66','EGtHpaHZda',2)
insert into users(username, password, role) values('hogiadinh67','znXstZrkZm',2)
insert into users(username, password, role) values('hogiadinh68','lbblFvxgIC',2)
insert into users(username, password, role) values('hogiadinh69','JdhWdHoMDK',2)
insert into users(username, password, role) values('hogiadinh70','vvfDVDjnrg',2)
insert into users(username, password, role) values('hogiadinh71','suBNOkwyKU',2)
insert into users(username, password, role) values('hogiadinh72','juHMGYHsaU',2)
insert into users(username, password, role) values('hogiadinh73','FIzbtbxkwc',2)
insert into users(username, password, role) values('hogiadinh74','cvyZoqDTVx',2)
insert into users(username, password, role) values('hogiadinh75','OWbRpZjjUT',2)
insert into users(username, password, role) values('hogiadinh76','PcimnEjgVW',2)
insert into users(username, password, role) values('hogiadinh77','wZNAoYcCtn',2)
insert into users(username, password, role) values('hogiadinh78','UPXPfJkBhe',2)
insert into users(username, password, role) values('hogiadinh79','cnhbzSwvsa',2)
insert into users(username, password, role) values('hogiadinh80','AYgtKesBMk',2)
insert into users(username, password, role) values('hogiadinh81','qFmhlQDyWd',2)
insert into users(username, password, role) values('hogiadinh82','ZjcCrXzAcd',2)
insert into users(username, password, role) values('hogiadinh83','HFuJEuVcIU',2)
insert into users(username, password, role) values('hogiadinh84','EgqhEQskMa',2)
insert into users(username, password, role) values('hogiadinh85','ZYFaNsSXRU',2)
insert into users(username, password, role) values('hogiadinh86','kuUFupOBnW',2)
insert into users(username, password, role) values('hogiadinh87','xSaIBRutnt',2)
insert into users(username, password, role) values('hogiadinh88','NRwDZaBrGo',2)
insert into users(username, password, role) values('hogiadinh89','cgHbLolQsm',2)
insert into users(username, password, role) values('hogiadinh90','LLipLhykcS',2)
insert into users(username, password, role) values('hogiadinh91','oxhAlaTzXJ',2)
insert into users(username, password, role) values('hogiadinh92','kGZXFIVdAQ',2)
insert into users(username, password, role) values('hogiadinh93','aOkEUhmCpV',2)
insert into users(username, password, role) values('hogiadinh94','NSXcJJbKDy',2)
insert into users(username, password, role) values('hogiadinh95','DyfZDCGXve',2)
insert into users(username, password, role) values('hogiadinh96','BlKUqKLGqM',2)
insert into users(username, password, role) values('hogiadinh97','ZuqAcrHvaj',2)
insert into users(username, password, role) values('hogiadinh98','xWxBmjNBVF',2)
insert into users(username, password, role) values('hogiadinh99','bcZomEFVun',2)
insert into users(username, password, role) values('hogiadinh100','KEroLhEKxy',2)
insert into users(username, password, role) values('hogiadinh101','XWUTqGAGvj',2)
insert into users(username, password, role) values('hogiadinh102','rzYcgEIuHu',2)
insert into users(username, password, role) values('hogiadinh103','pkYsRHIblF',2)
insert into users(username, password, role) values('hogiadinh104','iqYwEypaTs',2)
insert into users(username, password, role) values('hogiadinh105','kxCxsMxSyf',2)
insert into users(username, password, role) values('hogiadinh106','PVTFtdGkhY',2)
insert into users(username, password, role) values('hogiadinh107','AzhRPZhZuG',2)
insert into users(username, password, role) values('hogiadinh108','hknUluWHDx',2)
insert into users(username, password, role) values('hogiadinh109','NzOAyNTKXm',2)
insert into users(username, password, role) values('hogiadinh110','ckwcPPbwvT',2)
insert into users(username, password, role) values('hogiadinh111','gEinpSrqOy',2)
insert into users(username, password, role) values('hogiadinh112','MdsyQqzoyz',2)
insert into users(username, password, role) values('hogiadinh113','AUIEtyGwVV',2)
insert into users(username, password, role) values('hogiadinh114','zMnqRLeoVO',2)
insert into users(username, password, role) values('hogiadinh115','tYnbadRrmT',2)
insert into users(username, password, role) values('hogiadinh116','pVCVtlhafA',2)
insert into users(username, password, role) values('hogiadinh117','xHUVSLABip',2)
insert into users(username, password, role) values('hogiadinh118','dDVjDJxqmA',2)
insert into users(username, password, role) values('hogiadinh119','LkhGwSPzlk',2)
insert into users(username, password, role) values('hogiadinh120','tlDbrwcPwE',2)
insert into users(username, password, role) values('hogiadinh121','OwxnIubhcv',2)
insert into users(username, password, role) values('hogiadinh122','fiRkoNXFAf',2)
insert into users(username, password, role) values('hogiadinh123','oPzFORSPko',2)
insert into users(username, password, role) values('hogiadinh124','MpnJPovYXC',2)
insert into users(username, password, role) values('hogiadinh125','EqaTmBKNgv',2)
insert into users(username, password, role) values('hogiadinh126','JbwtAjpLKl',2)
insert into users(username, password, role) values('hogiadinh127','vfQYbneEtU',2)
insert into users(username, password, role) values('hogiadinh128','fOZgLeDRwu',2)
insert into users(username, password, role) values('hogiadinh129','pZcMjaQbCN',2)
insert into users(username, password, role) values('hogiadinh130','gVbEjaHaRz',2)
insert into users(username, password, role) values('hogiadinh131','HpgvOsJhnq',2)
insert into users(username, password, role) values('hogiadinh132','HXSTiiiQZx',2)
insert into users(username, password, role) values('hogiadinh133','dbQmpaFUck',2)
insert into users(username, password, role) values('hogiadinh134','AQznxNWRHR',2)
insert into users(username, password, role) values('hogiadinh135','UCKaXnaCmE',2)
insert into users(username, password, role) values('hogiadinh136','wFOALeFFQe',2)
insert into users(username, password, role) values('hogiadinh137','eADaTezzHH',2)
insert into users(username, password, role) values('hogiadinh138','DjgrTDhJdi',2)
insert into users(username, password, role) values('hogiadinh139','DrEndgpwMB',2)
insert into users(username, password, role) values('hogiadinh140','XEXBVGRdvX',2)
insert into users(username, password, role) values('hogiadinh141','mmQGDtBBwV',2)
insert into users(username, password, role) values('hogiadinh142','CWGCnceiiP',2)
insert into users(username, password, role) values('hogiadinh143','tnidQCzNqZ',2)
insert into users(username, password, role) values('hogiadinh144','sFHmWnpvig',2)
insert into users(username, password, role) values('hogiadinh145','sKEehDvFTK',2)
insert into users(username, password, role) values('hogiadinh146','dIpLXnDqNG',2)
insert into users(username, password, role) values('hogiadinh147','zWqldYaMcB',2)
insert into users(username, password, role) values('hogiadinh148','hwqVoLlxaA',2)
insert into users(username, password, role) values('hogiadinh149','wRqiBvEhpz',2)
insert into users(username, password, role) values('hogiadinh150','EIlyAYqtkX',2)
insert into users(username, password, role) values('hogiadinh151','CzykFWqNFL',2)
insert into users(username, password, role) values('hogiadinh152','OaLRThAnuW',2)
insert into users(username, password, role) values('hogiadinh153','xDnUHuxgBg',2)
insert into users(username, password, role) values('hogiadinh154','RROeuUnMld',2)
insert into users(username, password, role) values('hogiadinh155','HJujUGkyIq',2)
insert into users(username, password, role) values('hogiadinh156','SUUfKPcgwW',2)
insert into users(username, password, role) values('hogiadinh157','EDmtokhXHk',2)
insert into users(username, password, role) values('hogiadinh158','PtgbWQbWKs',2)
insert into users(username, password, role) values('hogiadinh159','YJpYKwmoPZ',2)
insert into users(username, password, role) values('hogiadinh160','FyoKiBWfdl',2)
insert into users(username, password, role) values('hogiadinh161','zRfSANBgfa',2)
insert into users(username, password, role) values('hogiadinh162','PiaxcMPPPM',2)
insert into users(username, password, role) values('hogiadinh163','aSwOSjMxUW',2)
insert into users(username, password, role) values('hogiadinh164','tzZocLGzIX',2)
insert into users(username, password, role) values('hogiadinh165','CSTskFfXzU',2)
insert into users(username, password, role) values('hogiadinh166','cZfWvamAmr',2)
insert into users(username, password, role) values('hogiadinh167','ybzTizZqrJ',2)
insert into users(username, password, role) values('hogiadinh168','ZklTEsETGd',2)
insert into users(username, password, role) values('hogiadinh169','HPQewjTCks',2)
insert into users(username, password, role) values('hogiadinh170','EzNLaWpkza',2)
insert into users(username, password, role) values('hogiadinh171','NDOtrICzXT',2)
insert into users(username, password, role) values('hogiadinh172','ZTekUDWPOv',2)
insert into users(username, password, role) values('hogiadinh173','mRzDcLvMmQ',2)
insert into users(username, password, role) values('hogiadinh174','wRsJWIDOkJ',2)
insert into users(username, password, role) values('hogiadinh175','vZREcRqMmv',2)
insert into users(username, password, role) values('hogiadinh176','ePJvfuYfHx',2)
insert into users(username, password, role) values('hogiadinh177','zigxQZrdGV',2)
insert into users(username, password, role) values('hogiadinh178','zVUvzjFjqh',2)
insert into users(username, password, role) values('hogiadinh179','scbGeizUPq',2)
insert into users(username, password, role) values('hogiadinh180','UYbZoTOhIj',2)
insert into users(username, password, role) values('hogiadinh181','WHnZOvVKuC',2)
insert into users(username, password, role) values('hogiadinh182','srjJrzJRuq',2)
insert into users(username, password, role) values('hogiadinh183','zvOtvbNGFs',2)
insert into users(username, password, role) values('hogiadinh184','aZUzHDZLvy',2)
insert into users(username, password, role) values('hogiadinh185','DpHcsPwFgl',2)
insert into users(username, password, role) values('hogiadinh186','hIxwfZGRTv',2)
insert into users(username, password, role) values('hogiadinh187','MxcWJnQHGF',2)
insert into users(username, password, role) values('hogiadinh188','KNqPHRRJcm',2)
insert into users(username, password, role) values('hogiadinh189','ieucYHxMWW',2)
insert into users(username, password, role) values('hogiadinh190','yIkhEpgmlZ',2)
insert into users(username, password, role) values('hogiadinh191','RAQZOFAQXX',2)
insert into users(username, password, role) values('hogiadinh192','aaqXwkFSRO',2)
insert into users(username, password, role) values('hogiadinh193','cADijUSPFv',2)
insert into users(username, password, role) values('hogiadinh194','rBRqeJvBZo',2)
insert into users(username, password, role) values('hogiadinh195','nRqHcENTTj',2)
insert into users(username, password, role) values('hogiadinh196','gCAdOaPyXY',2)
insert into users(username, password, role) values('hogiadinh197','EwOzRSHksI',2)
insert into users(username, password, role) values('hogiadinh198','wxhisvDzIf',2)
insert into users(username, password, role) values('hogiadinh199','jtwIxnLutx',2)
insert into users(username, password, role) values('hogiadinh200','qoOspAeReM',2)
insert into users(username, password, role) values('hogiadinh201','MllaVGrJSu',2)
insert into users(username, password, role) values('hogiadinh202','iNJwlTdXlP',2)
insert into users(username, password, role) values('hogiadinh203','gTbXAgzKAL',2)
insert into users(username, password, role) values('hogiadinh204','cvpvGbKBEW',2)
insert into users(username, password, role) values('hogiadinh205','zDdKLCkupa',2)
insert into users(username, password, role) values('hogiadinh206','OVXXtxQqZh',2)
insert into users(username, password, role) values('hogiadinh207','EonwOgeQNB',2)
insert into users(username, password, role) values('hogiadinh208','YwGLSRYbJj',2)
insert into users(username, password, role) values('hogiadinh209','XMtfrawBRE',2)
insert into users(username, password, role) values('hogiadinh210','abxPODxWKB',2)
insert into users(username, password, role) values('hogiadinh211','BifobqiHBp',2)
insert into users(username, password, role) values('hogiadinh212','slpKVdeBbQ',2)
insert into users(username, password, role) values('hogiadinh213','txqaZHOaDN',2)
insert into users(username, password, role) values('hogiadinh214','EppfwJgjUK',2)
insert into users(username, password, role) values('hogiadinh215','vdEccGJMKL',2)
insert into users(username, password, role) values('hogiadinh216','JIAZyDMbYP',2)
insert into users(username, password, role) values('hogiadinh217','YejBpWJijB',2)
insert into users(username, password, role) values('hogiadinh218','MupzqMEiIe',2)
insert into users(username, password, role) values('hogiadinh219','NwGZDFWsJx',2)
insert into users(username, password, role) values('hogiadinh220','VfNhaFegUm',2)
insert into users(username, password, role) values('hogiadinh221','joQdqIaTaB',2)
insert into users(username, password, role) values('hogiadinh222','hBCfHnHVFF',2)
insert into users(username, password, role) values('hogiadinh223','WdOotxoXWj',2)
insert into users(username, password, role) values('hogiadinh224','dqGlPXrsYs',2)
insert into users(username, password, role) values('hogiadinh225','TgraQoRLtO',2)
insert into users(username, password, role) values('hogiadinh226','wJlLTPXpMi',2)
insert into users(username, password, role) values('hogiadinh227','JpYsERMQXJ',2)
insert into users(username, password, role) values('hogiadinh228','dQpPVxQEgA',2)
insert into users(username, password, role) values('hogiadinh229','rClXQDWMUP',2)
insert into users(username, password, role) values('hogiadinh230','AckMpxlrPY',2)
insert into users(username, password, role) values('hogiadinh231','nzZVXuqcmX',2)
insert into users(username, password, role) values('hogiadinh232','GxqZGKEvlq',2)
insert into users(username, password, role) values('hogiadinh233','GduRFnjeUx',2)
insert into users(username, password, role) values('hogiadinh234','XFeVVjrfkC',2)
insert into users(username, password, role) values('hogiadinh235','IodxwoTnEQ',2)
insert into users(username, password, role) values('hogiadinh236','ArFFpzoVpr',2)
insert into users(username, password, role) values('hogiadinh237','DkizpyUTGf',2)
insert into users(username, password, role) values('hogiadinh238','wVTdztgauB',2)
insert into users(username, password, role) values('hogiadinh239','ejTQOWgklV',2)
insert into users(username, password, role) values('hogiadinh240','nahzDIOnwI',2)
insert into users(username, password, role) values('hogiadinh241','bVKEuYAhRq',2)
insert into users(username, password, role) values('hogiadinh242','nyYSYBOIRZ',2)
insert into users(username, password, role) values('hogiadinh243','mKxtlNbwXg',2)
insert into users(username, password, role) values('hogiadinh244','gpYsHKtjWP',2)
insert into users(username, password, role) values('hogiadinh245','TAtCYjqIvf',2)
insert into users(username, password, role) values('hogiadinh246','EcvSnnTUNo',2)
insert into users(username, password, role) values('hogiadinh247','vNNPKsXXJa',2)
insert into users(username, password, role) values('hogiadinh248','XlIUMNOQTg',2)
insert into users(username, password, role) values('hogiadinh249','OWWnxFyzvY',2)
insert into users(username, password, role) values('hogiadinh250','aAUCkGerYL',2)
insert into users(username, password, role) values('hogiadinh251','EylxcIWKWF',2)
insert into users(username, password, role) values('hogiadinh252','HOSLfSLCgc',2)
insert into users(username, password, role) values('hogiadinh253','HfOheatSBg',2)
insert into users(username, password, role) values('hogiadinh254','PTxehoFoRl',2)
insert into users(username, password, role) values('hogiadinh255','tXqLQohxdx',2)
insert into users(username, password, role) values('hogiadinh256','hzfpLHbEsG',2)
insert into users(username, password, role) values('hogiadinh257','TylAErrUoL',2)
insert into users(username, password, role) values('hogiadinh258','inpsqVBWVy',2)
insert into users(username, password, role) values('hogiadinh259','fsompXaZHA',2)
insert into users(username, password, role) values('hogiadinh260','RDVIsiocGX',2)
insert into users(username, password, role) values('hogiadinh261','kPuRBOgTsd',2)
insert into users(username, password, role) values('hogiadinh262','GgnCsYlLwR',2)
insert into users(username, password, role) values('hogiadinh263','sxACzgKLhS',2)
insert into users(username, password, role) values('hogiadinh264','IgpXTXTXij',2)
insert into users(username, password, role) values('hogiadinh265','MlWmKrBTnK',2)
insert into users(username, password, role) values('hogiadinh266','ZwvEbYsBLC',2)
insert into users(username, password, role) values('hogiadinh267','RzHkxZqlAU',2)
insert into users(username, password, role) values('hogiadinh268','roOrLIlcTm',2)
insert into users(username, password, role) values('hogiadinh269','lhaezamiNs',2)
insert into users(username, password, role) values('hogiadinh270','nhfyvnMcbK',2)
insert into users(username, password, role) values('hogiadinh271','NfgRtWYOMt',2)
insert into users(username, password, role) values('hogiadinh272','OwoxcHRILn',2)
insert into users(username, password, role) values('hogiadinh273','TIzJSPpfWd',2)
insert into users(username, password, role) values('hogiadinh274','zXLOTnKAlm',2)
insert into users(username, password, role) values('hogiadinh275','EvlRPxMGJU',2)
insert into users(username, password, role) values('hogiadinh276','gRaXCpcJFI',2)
insert into users(username, password, role) values('hogiadinh277','ZNhmBZfvoK',2)
insert into users(username, password, role) values('hogiadinh278','zWhihrrnlK',2)
insert into users(username, password, role) values('hogiadinh279','OBQICyuiQX',2)
insert into users(username, password, role) values('hogiadinh280','fVNUJeazQG',2)
insert into users(username, password, role) values('hogiadinh281','loKqWDtxDP',2)
insert into users(username, password, role) values('hogiadinh282','MxvPpRGYwk',2)
insert into users(username, password, role) values('hogiadinh283','vyDaqwkpRV',2)
insert into users(username, password, role) values('hogiadinh284','cnbyYXPKIV',2)
insert into users(username, password, role) values('hogiadinh285','reiPzUbGxF',2)
insert into users(username, password, role) values('hogiadinh286','wuePryLTAi',2)
insert into users(username, password, role) values('hogiadinh287','xNfvfUnXjj',2)
insert into users(username, password, role) values('hogiadinh288','hvRXwILkkj',2)
insert into users(username, password, role) values('hogiadinh289','czOaEpiaZl',2)
insert into users(username, password, role) values('hogiadinh290','emosjpcYcE',2)
insert into users(username, password, role) values('hogiadinh291','HAuLXqtRBh',2)
insert into users(username, password, role) values('hogiadinh292','WhzCzRGAhT',2)
insert into users(username, password, role) values('hogiadinh293','fmPZlaUdlZ',2)
insert into users(username, password, role) values('hogiadinh294','MKgYzWjKkG',2)
insert into users(username, password, role) values('hogiadinh295','GfCXuZLEZS',2)
insert into users(username, password, role) values('hogiadinh296','zLohycMYsA',2)
insert into users(username, password, role) values('hogiadinh297','oIRulmTRnj',2)
insert into users(username, password, role) values('hogiadinh298','KhSbiBHZXc',2)
insert into users(username, password, role) values('hogiadinh299','dfNPiOQWrS',2)
insert into users(username, password, role) values('hogiadinh300','LGunzBPKuM',2)
insert into users(username, password, role) values('hogiadinh301','WWBTDYYSAX',2)
insert into users(username, password, role) values('hogiadinh302','YeRGzWqvhv',2)
insert into users(username, password, role) values('hogiadinh303','EeobbIQkqq',2)
insert into users(username, password, role) values('hogiadinh304','tOulfXpBeK',2)
insert into users(username, password, role) values('hogiadinh305','pySZOmdsVe',2)
insert into users(username, password, role) values('hogiadinh306','CVWFTOJaKO',2)

--ho_gia_dinh_user--

insert into ho_gia_dinh_user values ( 7, 'HK7')
insert into ho_gia_dinh_user values ( 8, 'HK8')
insert into ho_gia_dinh_user values ( 9, 'HK9')
insert into ho_gia_dinh_user values ( 10, 'HK10')
insert into ho_gia_dinh_user values ( 11, 'HK11')
insert into ho_gia_dinh_user values ( 12, 'HK12')
insert into ho_gia_dinh_user values ( 13, 'HK13')
insert into ho_gia_dinh_user values ( 14, 'HK14')
insert into ho_gia_dinh_user values ( 15, 'HK15')
insert into ho_gia_dinh_user values ( 16, 'HK16')
insert into ho_gia_dinh_user values ( 17, 'HK17')
insert into ho_gia_dinh_user values ( 18, 'HK18')
insert into ho_gia_dinh_user values ( 19, 'HK19')
insert into ho_gia_dinh_user values ( 20, 'HK20')
insert into ho_gia_dinh_user values ( 21, 'HK21')
insert into ho_gia_dinh_user values ( 22, 'HK22')
insert into ho_gia_dinh_user values ( 23, 'HK23')
insert into ho_gia_dinh_user values ( 24, 'HK24')
insert into ho_gia_dinh_user values ( 25, 'HK25')
insert into ho_gia_dinh_user values ( 26, 'HK26')
insert into ho_gia_dinh_user values ( 27, 'HK27')
insert into ho_gia_dinh_user values ( 28, 'HK28')
insert into ho_gia_dinh_user values ( 29, 'HK29')
insert into ho_gia_dinh_user values ( 30, 'HK30')
insert into ho_gia_dinh_user values ( 31, 'HK31')
insert into ho_gia_dinh_user values ( 32, 'HK32')
insert into ho_gia_dinh_user values ( 33, 'HK33')
insert into ho_gia_dinh_user values ( 34, 'HK34')
insert into ho_gia_dinh_user values ( 35, 'HK35')
insert into ho_gia_dinh_user values ( 36, 'HK36')
insert into ho_gia_dinh_user values ( 37, 'HK37')
insert into ho_gia_dinh_user values ( 38, 'HK38')
insert into ho_gia_dinh_user values ( 39, 'HK39')
insert into ho_gia_dinh_user values ( 40, 'HK40')
insert into ho_gia_dinh_user values ( 41, 'HK41')
insert into ho_gia_dinh_user values ( 42, 'HK42')
insert into ho_gia_dinh_user values ( 43, 'HK43')
insert into ho_gia_dinh_user values ( 44, 'HK44')
insert into ho_gia_dinh_user values ( 45, 'HK45')
insert into ho_gia_dinh_user values ( 46, 'HK46')
insert into ho_gia_dinh_user values ( 47, 'HK47')
insert into ho_gia_dinh_user values ( 48, 'HK48')
insert into ho_gia_dinh_user values ( 49, 'HK49')
insert into ho_gia_dinh_user values ( 50, 'HK50')
insert into ho_gia_dinh_user values ( 51, 'HK51')
insert into ho_gia_dinh_user values ( 52, 'HK52')
insert into ho_gia_dinh_user values ( 53, 'HK53')
insert into ho_gia_dinh_user values ( 54, 'HK54')
insert into ho_gia_dinh_user values ( 55, 'HK55')
insert into ho_gia_dinh_user values ( 56, 'HK56')
insert into ho_gia_dinh_user values ( 57, 'HK57')
insert into ho_gia_dinh_user values ( 58, 'HK58')
insert into ho_gia_dinh_user values ( 59, 'HK59')
insert into ho_gia_dinh_user values ( 60, 'HK60')
insert into ho_gia_dinh_user values ( 61, 'HK61')
insert into ho_gia_dinh_user values ( 62, 'HK62')
insert into ho_gia_dinh_user values ( 63, 'HK63')
insert into ho_gia_dinh_user values ( 64, 'HK64')
insert into ho_gia_dinh_user values ( 65, 'HK65')
insert into ho_gia_dinh_user values ( 66, 'HK66')
insert into ho_gia_dinh_user values ( 67, 'HK67')
insert into ho_gia_dinh_user values ( 68, 'HK68')
insert into ho_gia_dinh_user values ( 69, 'HK69')
insert into ho_gia_dinh_user values ( 70, 'HK70')
insert into ho_gia_dinh_user values ( 71, 'HK71')
insert into ho_gia_dinh_user values ( 72, 'HK72')
insert into ho_gia_dinh_user values ( 73, 'HK73')
insert into ho_gia_dinh_user values ( 74, 'HK74')
insert into ho_gia_dinh_user values ( 75, 'HK75')
insert into ho_gia_dinh_user values ( 76, 'HK76')
insert into ho_gia_dinh_user values ( 77, 'HK77')
insert into ho_gia_dinh_user values ( 78, 'HK78')
insert into ho_gia_dinh_user values ( 79, 'HK79')
insert into ho_gia_dinh_user values ( 80, 'HK80')
insert into ho_gia_dinh_user values ( 81, 'HK81')
insert into ho_gia_dinh_user values ( 82, 'HK82')
insert into ho_gia_dinh_user values ( 83, 'HK83')
insert into ho_gia_dinh_user values ( 84, 'HK84')
insert into ho_gia_dinh_user values ( 85, 'HK85')
insert into ho_gia_dinh_user values ( 86, 'HK86')
insert into ho_gia_dinh_user values ( 87, 'HK87')
insert into ho_gia_dinh_user values ( 88, 'HK88')
insert into ho_gia_dinh_user values ( 89, 'HK89')
insert into ho_gia_dinh_user values ( 90, 'HK90')
insert into ho_gia_dinh_user values ( 91, 'HK91')
insert into ho_gia_dinh_user values ( 92, 'HK92')
insert into ho_gia_dinh_user values ( 93, 'HK93')
insert into ho_gia_dinh_user values ( 94, 'HK94')
insert into ho_gia_dinh_user values ( 95, 'HK95')
insert into ho_gia_dinh_user values ( 96, 'HK96')
insert into ho_gia_dinh_user values ( 97, 'HK97')
insert into ho_gia_dinh_user values ( 98, 'HK98')
insert into ho_gia_dinh_user values ( 99, 'HK99')
insert into ho_gia_dinh_user values ( 100, 'HK100')
insert into ho_gia_dinh_user values ( 101, 'HK101')
insert into ho_gia_dinh_user values ( 102, 'HK102')
insert into ho_gia_dinh_user values ( 103, 'HK103')
insert into ho_gia_dinh_user values ( 104, 'HK104')
insert into ho_gia_dinh_user values ( 105, 'HK105')
insert into ho_gia_dinh_user values ( 106, 'HK106')
insert into ho_gia_dinh_user values ( 107, 'HK107')
insert into ho_gia_dinh_user values ( 108, 'HK108')
insert into ho_gia_dinh_user values ( 109, 'HK109')
insert into ho_gia_dinh_user values ( 110, 'HK110')
insert into ho_gia_dinh_user values ( 111, 'HK111')
insert into ho_gia_dinh_user values ( 112, 'HK112')
insert into ho_gia_dinh_user values ( 113, 'HK113')
insert into ho_gia_dinh_user values ( 114, 'HK114')
insert into ho_gia_dinh_user values ( 115, 'HK115')
insert into ho_gia_dinh_user values ( 116, 'HK116')
insert into ho_gia_dinh_user values ( 117, 'HK117')
insert into ho_gia_dinh_user values ( 118, 'HK118')
insert into ho_gia_dinh_user values ( 119, 'HK119')
insert into ho_gia_dinh_user values ( 120, 'HK120')
insert into ho_gia_dinh_user values ( 121, 'HK121')
insert into ho_gia_dinh_user values ( 122, 'HK122')
insert into ho_gia_dinh_user values ( 123, 'HK123')
insert into ho_gia_dinh_user values ( 124, 'HK124')
insert into ho_gia_dinh_user values ( 125, 'HK125')
insert into ho_gia_dinh_user values ( 126, 'HK126')
insert into ho_gia_dinh_user values ( 127, 'HK127')
insert into ho_gia_dinh_user values ( 128, 'HK128')
insert into ho_gia_dinh_user values ( 129, 'HK129')
insert into ho_gia_dinh_user values ( 130, 'HK130')
insert into ho_gia_dinh_user values ( 131, 'HK131')
insert into ho_gia_dinh_user values ( 132, 'HK132')
insert into ho_gia_dinh_user values ( 133, 'HK133')
insert into ho_gia_dinh_user values ( 134, 'HK134')
insert into ho_gia_dinh_user values ( 135, 'HK135')
insert into ho_gia_dinh_user values ( 136, 'HK136')
insert into ho_gia_dinh_user values ( 137, 'HK137')
insert into ho_gia_dinh_user values ( 138, 'HK138')
insert into ho_gia_dinh_user values ( 139, 'HK139')
insert into ho_gia_dinh_user values ( 140, 'HK140')
insert into ho_gia_dinh_user values ( 141, 'HK141')
insert into ho_gia_dinh_user values ( 142, 'HK142')
insert into ho_gia_dinh_user values ( 143, 'HK143')
insert into ho_gia_dinh_user values ( 144, 'HK144')
insert into ho_gia_dinh_user values ( 145, 'HK145')
insert into ho_gia_dinh_user values ( 146, 'HK146')
insert into ho_gia_dinh_user values ( 147, 'HK147')
insert into ho_gia_dinh_user values ( 148, 'HK148')
insert into ho_gia_dinh_user values ( 149, 'HK149')
insert into ho_gia_dinh_user values ( 150, 'HK150')
insert into ho_gia_dinh_user values ( 151, 'HK151')
insert into ho_gia_dinh_user values ( 152, 'HK152')
insert into ho_gia_dinh_user values ( 153, 'HK153')
insert into ho_gia_dinh_user values ( 154, 'HK154')
insert into ho_gia_dinh_user values ( 155, 'HK155')
insert into ho_gia_dinh_user values ( 156, 'HK156')
insert into ho_gia_dinh_user values ( 157, 'HK157')
insert into ho_gia_dinh_user values ( 158, 'HK158')
insert into ho_gia_dinh_user values ( 159, 'HK159')
insert into ho_gia_dinh_user values ( 160, 'HK160')
insert into ho_gia_dinh_user values ( 161, 'HK161')
insert into ho_gia_dinh_user values ( 162, 'HK162')
insert into ho_gia_dinh_user values ( 163, 'HK163')
insert into ho_gia_dinh_user values ( 164, 'HK164')
insert into ho_gia_dinh_user values ( 165, 'HK165')
insert into ho_gia_dinh_user values ( 166, 'HK166')
insert into ho_gia_dinh_user values ( 167, 'HK167')
insert into ho_gia_dinh_user values ( 168, 'HK168')
insert into ho_gia_dinh_user values ( 169, 'HK169')
insert into ho_gia_dinh_user values ( 170, 'HK170')
insert into ho_gia_dinh_user values ( 171, 'HK171')
insert into ho_gia_dinh_user values ( 172, 'HK172')
insert into ho_gia_dinh_user values ( 173, 'HK173')
insert into ho_gia_dinh_user values ( 174, 'HK174')
insert into ho_gia_dinh_user values ( 175, 'HK175')
insert into ho_gia_dinh_user values ( 176, 'HK176')
insert into ho_gia_dinh_user values ( 177, 'HK177')
insert into ho_gia_dinh_user values ( 178, 'HK178')
insert into ho_gia_dinh_user values ( 179, 'HK179')
insert into ho_gia_dinh_user values ( 180, 'HK180')
insert into ho_gia_dinh_user values ( 181, 'HK181')
insert into ho_gia_dinh_user values ( 182, 'HK182')
insert into ho_gia_dinh_user values ( 183, 'HK183')
insert into ho_gia_dinh_user values ( 184, 'HK184')
insert into ho_gia_dinh_user values ( 185, 'HK185')
insert into ho_gia_dinh_user values ( 186, 'HK186')
insert into ho_gia_dinh_user values ( 187, 'HK187')
insert into ho_gia_dinh_user values ( 188, 'HK188')
insert into ho_gia_dinh_user values ( 189, 'HK189')
insert into ho_gia_dinh_user values ( 190, 'HK190')
insert into ho_gia_dinh_user values ( 191, 'HK191')
insert into ho_gia_dinh_user values ( 192, 'HK192')
insert into ho_gia_dinh_user values ( 193, 'HK193')
insert into ho_gia_dinh_user values ( 194, 'HK194')
insert into ho_gia_dinh_user values ( 195, 'HK195')
insert into ho_gia_dinh_user values ( 196, 'HK196')
insert into ho_gia_dinh_user values ( 197, 'HK197')
insert into ho_gia_dinh_user values ( 198, 'HK198')
insert into ho_gia_dinh_user values ( 199, 'HK199')
insert into ho_gia_dinh_user values ( 200, 'HK200')
insert into ho_gia_dinh_user values ( 201, 'HK201')
insert into ho_gia_dinh_user values ( 202, 'HK202')
insert into ho_gia_dinh_user values ( 203, 'HK203')
insert into ho_gia_dinh_user values ( 204, 'HK204')
insert into ho_gia_dinh_user values ( 205, 'HK205')
insert into ho_gia_dinh_user values ( 206, 'HK206')
insert into ho_gia_dinh_user values ( 207, 'HK207')
insert into ho_gia_dinh_user values ( 208, 'HK208')
insert into ho_gia_dinh_user values ( 209, 'HK209')
insert into ho_gia_dinh_user values ( 210, 'HK210')
insert into ho_gia_dinh_user values ( 211, 'HK211')
insert into ho_gia_dinh_user values ( 212, 'HK212')
insert into ho_gia_dinh_user values ( 213, 'HK213')
insert into ho_gia_dinh_user values ( 214, 'HK214')
insert into ho_gia_dinh_user values ( 215, 'HK215')
insert into ho_gia_dinh_user values ( 216, 'HK216')
insert into ho_gia_dinh_user values ( 217, 'HK217')
insert into ho_gia_dinh_user values ( 218, 'HK218')
insert into ho_gia_dinh_user values ( 219, 'HK219')
insert into ho_gia_dinh_user values ( 220, 'HK220')
insert into ho_gia_dinh_user values ( 221, 'HK221')
insert into ho_gia_dinh_user values ( 222, 'HK222')
insert into ho_gia_dinh_user values ( 223, 'HK223')
insert into ho_gia_dinh_user values ( 224, 'HK224')
insert into ho_gia_dinh_user values ( 225, 'HK225')
insert into ho_gia_dinh_user values ( 226, 'HK226')
insert into ho_gia_dinh_user values ( 227, 'HK227')
insert into ho_gia_dinh_user values ( 228, 'HK228')
insert into ho_gia_dinh_user values ( 229, 'HK229')
insert into ho_gia_dinh_user values ( 230, 'HK230')
insert into ho_gia_dinh_user values ( 231, 'HK231')
insert into ho_gia_dinh_user values ( 232, 'HK232')
insert into ho_gia_dinh_user values ( 233, 'HK233')
insert into ho_gia_dinh_user values ( 234, 'HK234')
insert into ho_gia_dinh_user values ( 235, 'HK235')
insert into ho_gia_dinh_user values ( 236, 'HK236')
insert into ho_gia_dinh_user values ( 237, 'HK237')
insert into ho_gia_dinh_user values ( 238, 'HK238')
insert into ho_gia_dinh_user values ( 239, 'HK239')
insert into ho_gia_dinh_user values ( 240, 'HK240')
insert into ho_gia_dinh_user values ( 241, 'HK241')
insert into ho_gia_dinh_user values ( 242, 'HK242')
insert into ho_gia_dinh_user values ( 243, 'HK243')
insert into ho_gia_dinh_user values ( 244, 'HK244')
insert into ho_gia_dinh_user values ( 245, 'HK245')
insert into ho_gia_dinh_user values ( 246, 'HK246')
insert into ho_gia_dinh_user values ( 247, 'HK247')
insert into ho_gia_dinh_user values ( 248, 'HK248')
insert into ho_gia_dinh_user values ( 249, 'HK249')
insert into ho_gia_dinh_user values ( 250, 'HK250')
insert into ho_gia_dinh_user values ( 251, 'HK251')
insert into ho_gia_dinh_user values ( 252, 'HK252')
insert into ho_gia_dinh_user values ( 253, 'HK253')
insert into ho_gia_dinh_user values ( 254, 'HK254')
insert into ho_gia_dinh_user values ( 255, 'HK255')
insert into ho_gia_dinh_user values ( 256, 'HK256')
insert into ho_gia_dinh_user values ( 257, 'HK257')
insert into ho_gia_dinh_user values ( 258, 'HK258')
insert into ho_gia_dinh_user values ( 259, 'HK259')
insert into ho_gia_dinh_user values ( 260, 'HK260')
insert into ho_gia_dinh_user values ( 261, 'HK261')
insert into ho_gia_dinh_user values ( 262, 'HK262')
insert into ho_gia_dinh_user values ( 263, 'HK263')
insert into ho_gia_dinh_user values ( 264, 'HK264')
insert into ho_gia_dinh_user values ( 265, 'HK265')
insert into ho_gia_dinh_user values ( 266, 'HK266')
insert into ho_gia_dinh_user values ( 267, 'HK267')
insert into ho_gia_dinh_user values ( 268, 'HK268')
insert into ho_gia_dinh_user values ( 269, 'HK269')
insert into ho_gia_dinh_user values ( 270, 'HK270')
insert into ho_gia_dinh_user values ( 271, 'HK271')
insert into ho_gia_dinh_user values ( 272, 'HK272')
insert into ho_gia_dinh_user values ( 273, 'HK273')
insert into ho_gia_dinh_user values ( 274, 'HK274')
insert into ho_gia_dinh_user values ( 275, 'HK275')
insert into ho_gia_dinh_user values ( 276, 'HK276')
insert into ho_gia_dinh_user values ( 277, 'HK277')
insert into ho_gia_dinh_user values ( 278, 'HK278')
insert into ho_gia_dinh_user values ( 279, 'HK279')
insert into ho_gia_dinh_user values ( 280, 'HK280')
insert into ho_gia_dinh_user values ( 281, 'HK281')
insert into ho_gia_dinh_user values ( 282, 'HK282')
insert into ho_gia_dinh_user values ( 283, 'HK283')
insert into ho_gia_dinh_user values ( 284, 'HK284')
insert into ho_gia_dinh_user values ( 285, 'HK285')
insert into ho_gia_dinh_user values ( 286, 'HK286')
insert into ho_gia_dinh_user values ( 287, 'HK287')
insert into ho_gia_dinh_user values ( 288, 'HK288')
insert into ho_gia_dinh_user values ( 289, 'HK289')
insert into ho_gia_dinh_user values ( 290, 'HK290')
insert into ho_gia_dinh_user values ( 291, 'HK291')
insert into ho_gia_dinh_user values ( 292, 'HK292')
insert into ho_gia_dinh_user values ( 293, 'HK293')
insert into ho_gia_dinh_user values ( 294, 'HK294')
insert into ho_gia_dinh_user values ( 295, 'HK295')
insert into ho_gia_dinh_user values ( 296, 'HK296')
insert into ho_gia_dinh_user values ( 297, 'HK297')
insert into ho_gia_dinh_user values ( 298, 'HK298')
insert into ho_gia_dinh_user values ( 299, 'HK299')
insert into ho_gia_dinh_user values ( 300, 'HK300')
insert into ho_gia_dinh_user values ( 301, 'HK301')

--nhan_khau__

insert into nhan_khau(maNhanKhau, maHoKhau, hoTen,ngaySinh,gioiTinh,tonGiao, tinhTrang, idNguoiThucHien) values ('NK10','HK1',N'Trịnh Văn An', '1974-10-12', N'Nữ',N'Thiên chúa giáo' , N'Đã xác nhận',1)
insert into nhan_khau(maNhanKhau, maHoKhau, hoTen,ngaySinh,gioiTinh,tonGiao, tinhTrang, idNguoiThucHien) values ('NK11','HK10',N'Trần Khánh Nam', '1965-10-13', N'Nam',N'' , N'Đã xác nhận',1)
insert into nhan_khau(maNhanKhau, maHoKhau, hoTen,ngaySinh,gioiTinh,tonGiao, tinhTrang, idNguoiThucHien) values ('NK12','HK100',N'Nguyễn Khánh Trúc Thành', '1977-07-03', N'Nữ',N'' , N'Đã xác nhận',1)
insert into nhan_khau(maNhanKhau, maHoKhau, hoTen,ngaySinh,gioiTinh,tonGiao, tinhTrang, idNguoiThucHien) values ('NK13','HK101',N'Đặng Thị Thành', '1953-07-23', N'Nữ',N'' , N'Đã xác nhận',1)
insert into nhan_khau(maNhanKhau, maHoKhau, hoTen,ngaySinh,gioiTinh,tonGiao, tinhTrang, idNguoiThucHien) values ('NK14','HK102',N'Trần Văn An', '1960-07-23', N'Nam',N'Thiên chúa giáo' , N'Đã xác nhận',1)
insert into nhan_khau(maNhanKhau, maHoKhau, hoTen,ngaySinh,gioiTinh,tonGiao, tinhTrang, idNguoiThucHien) values ('NK15','HK103',N'Trần Khánh Anh An', '1968-07-05', N'Nam',N'Thiên chúa giáo' , N'Đã xác nhận',1)
insert into nhan_khau(maNhanKhau, maHoKhau, hoTen,ngaySinh,gioiTinh,tonGiao, tinhTrang, idNguoiThucHien) values ('NK16','HK104',N'Lê Khánh Trúc An', '1971-11-05', N'Nam',N'Phật giáo' , N'Đã xác nhận',1)
insert into nhan_khau(maNhanKhau, maHoKhau, hoTen,ngaySinh,gioiTinh,tonGiao, tinhTrang, idNguoiThucHien) values ('NK17','HK105',N'Đặng Văn Trúc Nam', '1956-11-26', N'Nam',N'' , N'Đã xác nhận',1)
insert into nhan_khau(maNhanKhau, maHoKhau, hoTen,ngaySinh,gioiTinh,tonGiao, tinhTrang, idNguoiThucHien) values ('NK18','HK106',N'Lê Thị Quỳnh Thành', '1951-04-17', N'Nam',N'' , N'Đã xác nhận',1)
insert into nhan_khau(maNhanKhau, maHoKhau, hoTen,ngaySinh,gioiTinh,tonGiao, tinhTrang, idNguoiThucHien) values ('NK19','HK107',N'Đặng Thị Mai An', '1970-12-16', N'Nam',N'Thiên chúa giáo' , N'Đã xác nhận',1)
insert into nhan_khau(maNhanKhau, maHoKhau, hoTen,ngaySinh,gioiTinh,tonGiao, tinhTrang, idNguoiThucHien) values ('NK20','HK108',N'Đặng Văn Như Thành', '1951-07-10', N'Nữ',N'' , N'Đã xác nhận',1)
insert into nhan_khau(maNhanKhau, maHoKhau, hoTen,ngaySinh,gioiTinh,tonGiao, tinhTrang, idNguoiThucHien) values ('NK21','HK109',N'Lê Khánh Như Nam', '1951-10-12', N'Nam',N'Thiên chúa giáo' , N'Đã xác nhận',1)
insert into nhan_khau(maNhanKhau, maHoKhau, hoTen,ngaySinh,gioiTinh,tonGiao, tinhTrang, idNguoiThucHien) values ('NK22','HK11',N'Đặng Văn Như An', '1951-08-21', N'Nữ',N'' , N'Đã xác nhận',1)
insert into nhan_khau(maNhanKhau, maHoKhau, hoTen,ngaySinh,gioiTinh,tonGiao, tinhTrang, idNguoiThucHien) values ('NK23','HK110',N'Trần Thị Mai Nam', '1976-03-10', N'Nữ',N'' , N'Đã xác nhận',1)
insert into nhan_khau(maNhanKhau, maHoKhau, hoTen,ngaySinh,gioiTinh,tonGiao, tinhTrang, idNguoiThucHien) values ('NK24','HK111',N'Trần Khánh Anh Hòa', '1969-07-08', N'Nam',N'' , N'Đã xác nhận',1)
insert into nhan_khau(maNhanKhau, maHoKhau, hoTen,ngaySinh,gioiTinh,tonGiao, tinhTrang, idNguoiThucHien) values ('NK25','HK112',N'Đặng Văn Toàn', '1971-05-19', N'Nữ',N'' , N'Đã xác nhận',1)
insert into nhan_khau(maNhanKhau, maHoKhau, hoTen,ngaySinh,gioiTinh,tonGiao, tinhTrang, idNguoiThucHien) values ('NK26','HK113',N'Lê Văn An', '1962-06-08', N'Nữ',N'Thiên chúa giáo' , N'Đã xác nhận',1)
insert into nhan_khau(maNhanKhau, maHoKhau, hoTen,ngaySinh,gioiTinh,tonGiao, tinhTrang, idNguoiThucHien) values ('NK27','HK114',N'Trần Văn Anh An', '1965-02-27', N'Nam',N'Phật giáo' , N'Đã xác nhận',1)
insert into nhan_khau(maNhanKhau, maHoKhau, hoTen,ngaySinh,gioiTinh,tonGiao, tinhTrang, idNguoiThucHien) values ('NK28','HK115',N'Nguyễn Thị Hòa', '1968-10-17', N'Nữ',N'' , N'Đã xác nhận',1)
insert into nhan_khau(maNhanKhau, maHoKhau, hoTen,ngaySinh,gioiTinh,tonGiao, tinhTrang, idNguoiThucHien) values ('NK29','HK116',N'Đặng Văn Quỳnh Toàn', '1976-10-12', N'Nữ',N'' , N'Đã xác nhận',1)
insert into nhan_khau(maNhanKhau, maHoKhau, hoTen,ngaySinh,gioiTinh,tonGiao, tinhTrang, idNguoiThucHien) values ('NK30','HK117',N'Đặng Khánh Trúc Toàn', '1956-11-11', N'Nữ',N'' , N'Đã xác nhận',1)
insert into nhan_khau(maNhanKhau, maHoKhau, hoTen,ngaySinh,gioiTinh,tonGiao, tinhTrang, idNguoiThucHien) values ('NK31','HK118',N'Đặng Khánh Mai Thành', '1955-07-23', N'Nam',N'' , N'Đã xác nhận',1)
insert into nhan_khau(maNhanKhau, maHoKhau, hoTen,ngaySinh,gioiTinh,tonGiao, tinhTrang, idNguoiThucHien) values ('NK32','HK119',N'Nguyễn Văn Thành', '1952-04-07', N'Nữ',N'' , N'Đã xác nhận',1)
insert into nhan_khau(maNhanKhau, maHoKhau, hoTen,ngaySinh,gioiTinh,tonGiao, tinhTrang, idNguoiThucHien) values ('NK33','HK12',N'Trần Khánh Mai Hòa', '1967-07-15', N'Nam',N'Thiên chúa giáo' , N'Đã xác nhận',1)
insert into nhan_khau(maNhanKhau, maHoKhau, hoTen,ngaySinh,gioiTinh,tonGiao, tinhTrang, idNguoiThucHien) values ('NK34','HK120',N'Nguyễn Khánh Anh Thành', '1965-04-05', N'Nữ',N'' , N'Đã xác nhận',1)
insert into nhan_khau(maNhanKhau, maHoKhau, hoTen,ngaySinh,gioiTinh,tonGiao, tinhTrang, idNguoiThucHien) values ('NK35','HK121',N'Đặng Thị Như Toàn', '1975-10-05', N'Nữ',N'' , N'Đã xác nhận',1)
insert into nhan_khau(maNhanKhau, maHoKhau, hoTen,ngaySinh,gioiTinh,tonGiao, tinhTrang, idNguoiThucHien) values ('NK36','HK122',N'Nguyễn Văn Như Hòa', '1953-05-16', N'Nam',N'' , N'Đã xác nhận',1)
insert into nhan_khau(maNhanKhau, maHoKhau, hoTen,ngaySinh,gioiTinh,tonGiao, tinhTrang, idNguoiThucHien) values ('NK37','HK123',N'Đặng Khánh Quỳnh Thành', '1950-11-01', N'Nam',N'Thiên chúa giáo' , N'Đã xác nhận',1)
insert into nhan_khau(maNhanKhau, maHoKhau, hoTen,ngaySinh,gioiTinh,tonGiao, tinhTrang, idNguoiThucHien) values ('NK38','HK124',N'Đặng Khánh Trúc Nam', '1966-08-03', N'Nam',N'Thiên chúa giáo' , N'Đã xác nhận',1)
insert into nhan_khau(maNhanKhau, maHoKhau, hoTen,ngaySinh,gioiTinh,tonGiao, tinhTrang, idNguoiThucHien) values ('NK39','HK125',N'Lê Thị An', '1958-12-02', N'Nữ',N'Thiên chúa giáo' , N'Đã xác nhận',1)
insert into nhan_khau(maNhanKhau, maHoKhau, hoTen,ngaySinh,gioiTinh,tonGiao, tinhTrang, idNguoiThucHien) values ('NK40','HK126',N'Trần Thị Như Hòa', '1961-10-12', N'Nữ',N'' , N'Đã xác nhận',1)
insert into nhan_khau(maNhanKhau, maHoKhau, hoTen,ngaySinh,gioiTinh,tonGiao, tinhTrang, idNguoiThucHien) values ('NK41','HK127',N'Lê Khánh Nam', '1961-04-09', N'Nữ',N'' , N'Đã xác nhận',1)
insert into nhan_khau(maNhanKhau, maHoKhau, hoTen,ngaySinh,gioiTinh,tonGiao, tinhTrang, idNguoiThucHien) values ('NK42','HK128',N'Lê Văn An', '1963-01-17', N'Nam',N'Phật giáo' , N'Đã xác nhận',1)
insert into nhan_khau(maNhanKhau, maHoKhau, hoTen,ngaySinh,gioiTinh,tonGiao, tinhTrang, idNguoiThucHien) values ('NK43','HK129',N'Đặng Văn Trúc Nam', '1968-11-16', N'Nam',N'' , N'Đã xác nhận',1)
insert into nhan_khau(maNhanKhau, maHoKhau, hoTen,ngaySinh,gioiTinh,tonGiao, tinhTrang, idNguoiThucHien) values ('NK44','HK13',N'Lê Thị Anh Nam', '1952-10-11', N'Nam',N'' , N'Đã xác nhận',1)
insert into nhan_khau(maNhanKhau, maHoKhau, hoTen,ngaySinh,gioiTinh,tonGiao, tinhTrang, idNguoiThucHien) values ('NK45','HK130',N'Lê Thị Anh Hòa', '1956-11-16', N'Nữ',N'' , N'Đã xác nhận',1)
insert into nhan_khau(maNhanKhau, maHoKhau, hoTen,ngaySinh,gioiTinh,tonGiao, tinhTrang, idNguoiThucHien) values ('NK46','HK131',N'Đặng Khánh Anh An', '1957-07-15', N'Nữ',N'Phật giáo' , N'Đã xác nhận',1)
insert into nhan_khau(maNhanKhau, maHoKhau, hoTen,ngaySinh,gioiTinh,tonGiao, tinhTrang, idNguoiThucHien) values ('NK47','HK132',N'Trần Thị Nam', '1968-04-01', N'Nam',N'' , N'Đã xác nhận',1)
insert into nhan_khau(maNhanKhau, maHoKhau, hoTen,ngaySinh,gioiTinh,tonGiao, tinhTrang, idNguoiThucHien) values ('NK48','HK133',N'Nguyễn Khánh Nam', '1965-10-08', N'Nam',N'' , N'Đã xác nhận',1)
insert into nhan_khau(maNhanKhau, maHoKhau, hoTen,ngaySinh,gioiTinh,tonGiao, tinhTrang, idNguoiThucHien) values ('NK49','HK134',N'Lê Khánh Trúc An', '1956-08-10', N'Nữ',N'' , N'Đã xác nhận',1)
insert into nhan_khau(maNhanKhau, maHoKhau, hoTen,ngaySinh,gioiTinh,tonGiao, tinhTrang, idNguoiThucHien) values ('NK50','HK135',N'Trần Khánh Quỳnh An', '1953-06-19', N'Nữ',N'Phật giáo' , N'Đã xác nhận',1)
insert into nhan_khau(maNhanKhau, maHoKhau, hoTen,ngaySinh,gioiTinh,tonGiao, tinhTrang, idNguoiThucHien) values ('NK51','HK136',N'Trần Văn Thành', '1971-11-13', N'Nam',N'' , N'Đã xác nhận',1)
insert into nhan_khau(maNhanKhau, maHoKhau, hoTen,ngaySinh,gioiTinh,tonGiao, tinhTrang, idNguoiThucHien) values ('NK52','HK137',N'Trần Văn Quỳnh Hòa', '1971-04-20', N'Nam',N'' , N'Đã xác nhận',1)
insert into nhan_khau(maNhanKhau, maHoKhau, hoTen,ngaySinh,gioiTinh,tonGiao, tinhTrang, idNguoiThucHien) values ('NK53','HK138',N'Nguyễn Thị Trúc Thành', '1953-07-06', N'Nữ',N'' , N'Đã xác nhận',1)
insert into nhan_khau(maNhanKhau, maHoKhau, hoTen,ngaySinh,gioiTinh,tonGiao, tinhTrang, idNguoiThucHien) values ('NK54','HK139',N'Nguyễn Khánh Anh Nam', '1969-11-10', N'Nam',N'Thiên chúa giáo' , N'Đã xác nhận',1)
insert into nhan_khau(maNhanKhau, maHoKhau, hoTen,ngaySinh,gioiTinh,tonGiao, tinhTrang, idNguoiThucHien) values ('NK55','HK14',N'Lê Thị Mai An', '1967-04-04', N'Nam',N'' , N'Đã xác nhận',1)
insert into nhan_khau(maNhanKhau, maHoKhau, hoTen,ngaySinh,gioiTinh,tonGiao, tinhTrang, idNguoiThucHien) values ('NK56','HK140',N'Trần Văn Trúc An', '1973-01-26', N'Nam',N'' , N'Đã xác nhận',1)
insert into nhan_khau(maNhanKhau, maHoKhau, hoTen,ngaySinh,gioiTinh,tonGiao, tinhTrang, idNguoiThucHien) values ('NK57','HK141',N'Trần Thị Thành', '1969-05-28', N'Nam',N'' , N'Đã xác nhận',1)
insert into nhan_khau(maNhanKhau, maHoKhau, hoTen,ngaySinh,gioiTinh,tonGiao, tinhTrang, idNguoiThucHien) values ('NK58','HK142',N'Đặng Văn Quỳnh Hòa', '1950-01-13', N'Nữ',N'Thiên chúa giáo' , N'Đã xác nhận',1)
insert into nhan_khau(maNhanKhau, maHoKhau, hoTen,ngaySinh,gioiTinh,tonGiao, tinhTrang, idNguoiThucHien) values ('NK59','HK143',N'Lê Khánh Quỳnh Nam', '1975-11-11', N'Nam',N'' , N'Đã xác nhận',1)
insert into nhan_khau(maNhanKhau, maHoKhau, hoTen,ngaySinh,gioiTinh,tonGiao, tinhTrang, idNguoiThucHien) values ('NK60','HK144',N'Đặng Văn Nam', '1975-02-09', N'Nữ',N'' , N'Đã xác nhận',1)
insert into nhan_khau(maNhanKhau, maHoKhau, hoTen,ngaySinh,gioiTinh,tonGiao, tinhTrang, idNguoiThucHien) values ('NK61','HK145',N'Trần Văn Như Toàn', '1966-11-24', N'Nam',N'' , N'Đã xác nhận',1)
insert into nhan_khau(maNhanKhau, maHoKhau, hoTen,ngaySinh,gioiTinh,tonGiao, tinhTrang, idNguoiThucHien) values ('NK62','HK146',N'Nguyễn Khánh Quỳnh Nam', '1962-01-21', N'Nam',N'Thiên chúa giáo' , N'Đã xác nhận',1)
insert into nhan_khau(maNhanKhau, maHoKhau, hoTen,ngaySinh,gioiTinh,tonGiao, tinhTrang, idNguoiThucHien) values ('NK63','HK147',N'Nguyễn Khánh Anh Toàn', '1971-12-10', N'Nam',N'' , N'Đã xác nhận',1)
insert into nhan_khau(maNhanKhau, maHoKhau, hoTen,ngaySinh,gioiTinh,tonGiao, tinhTrang, idNguoiThucHien) values ('NK64','HK148',N'Trần Khánh Như Thành', '1956-02-01', N'Nam',N'' , N'Đã xác nhận',1)
insert into nhan_khau(maNhanKhau, maHoKhau, hoTen,ngaySinh,gioiTinh,tonGiao, tinhTrang, idNguoiThucHien) values ('NK65','HK149',N'Trần Thị Như Nam', '1964-01-17', N'Nữ',N'' , N'Đã xác nhận',1)
insert into nhan_khau(maNhanKhau, maHoKhau, hoTen,ngaySinh,gioiTinh,tonGiao, tinhTrang, idNguoiThucHien) values ('NK66','HK15',N'Trần Khánh Như Hòa', '1956-06-04', N'Nam',N'' , N'Đã xác nhận',1)
insert into nhan_khau(maNhanKhau, maHoKhau, hoTen,ngaySinh,gioiTinh,tonGiao, tinhTrang, idNguoiThucHien) values ('NK67','HK150',N'Đặng Thị Anh Hòa', '1954-07-06', N'Nữ',N'' , N'Đã xác nhận',1)
insert into nhan_khau(maNhanKhau, maHoKhau, hoTen,ngaySinh,gioiTinh,tonGiao, tinhTrang, idNguoiThucHien) values ('NK68','HK151',N'Lê Khánh Như An', '1964-06-01', N'Nam',N'' , N'Đã xác nhận',1)
insert into nhan_khau(maNhanKhau, maHoKhau, hoTen,ngaySinh,gioiTinh,tonGiao, tinhTrang, idNguoiThucHien) values ('NK69','HK152',N'Lê Thị Trúc Nam', '1974-05-09', N'Nam',N'' , N'Đã xác nhận',1)
insert into nhan_khau(maNhanKhau, maHoKhau, hoTen,ngaySinh,gioiTinh,tonGiao, tinhTrang, idNguoiThucHien) values ('NK70','HK153',N'Trần Thị Quỳnh Thành', '1950-09-22', N'Nữ',N'' , N'Đã xác nhận',1)
insert into nhan_khau(maNhanKhau, maHoKhau, hoTen,ngaySinh,gioiTinh,tonGiao, tinhTrang, idNguoiThucHien) values ('NK71','HK154',N'Trần Khánh Mai Thành', '1950-08-08', N'Nam',N'' , N'Đã xác nhận',1)
insert into nhan_khau(maNhanKhau, maHoKhau, hoTen,ngaySinh,gioiTinh,tonGiao, tinhTrang, idNguoiThucHien) values ('NK72','HK155',N'Trần Văn Trúc Hòa', '1951-10-06', N'Nam',N'' , N'Đã xác nhận',1)
insert into nhan_khau(maNhanKhau, maHoKhau, hoTen,ngaySinh,gioiTinh,tonGiao, tinhTrang, idNguoiThucHien) values ('NK73','HK156',N'Trần Khánh Như Thành', '1974-02-08', N'Nam',N'' , N'Đã xác nhận',1)
insert into nhan_khau(maNhanKhau, maHoKhau, hoTen,ngaySinh,gioiTinh,tonGiao, tinhTrang, idNguoiThucHien) values ('NK74','HK157',N'Lê Thị Quỳnh Thành', '1953-06-23', N'Nam',N'' , N'Đã xác nhận',1)
insert into nhan_khau(maNhanKhau, maHoKhau, hoTen,ngaySinh,gioiTinh,tonGiao, tinhTrang, idNguoiThucHien) values ('NK75','HK158',N'Trần Khánh Nam', '1970-04-03', N'Nam',N'' , N'Đã xác nhận',1)
insert into nhan_khau(maNhanKhau, maHoKhau, hoTen,ngaySinh,gioiTinh,tonGiao, tinhTrang, idNguoiThucHien) values ('NK76','HK159',N'Nguyễn Văn Như Hòa', '1974-03-21', N'Nam',N'' , N'Đã xác nhận',1)
insert into nhan_khau(maNhanKhau, maHoKhau, hoTen,ngaySinh,gioiTinh,tonGiao, tinhTrang, idNguoiThucHien) values ('NK77','HK16',N'Trần Thị Trúc Nam', '1974-03-08', N'Nam',N'Thiên chúa giáo' , N'Đã xác nhận',1)
insert into nhan_khau(maNhanKhau, maHoKhau, hoTen,ngaySinh,gioiTinh,tonGiao, tinhTrang, idNguoiThucHien) values ('NK78','HK160',N'Nguyễn Văn Mai An', '1973-05-03', N'Nữ',N'Phật giáo' , N'Đã xác nhận',1)
insert into nhan_khau(maNhanKhau, maHoKhau, hoTen,ngaySinh,gioiTinh,tonGiao, tinhTrang, idNguoiThucHien) values ('NK79','HK161',N'Lê Văn An', '1976-06-02', N'Nam',N'Phật giáo' , N'Đã xác nhận',1)
insert into nhan_khau(maNhanKhau, maHoKhau, hoTen,ngaySinh,gioiTinh,tonGiao, tinhTrang, idNguoiThucHien) values ('NK80','HK162',N'Nguyễn Thị Toàn', '1974-10-14', N'Nữ',N'' , N'Đã xác nhận',1)
insert into nhan_khau(maNhanKhau, maHoKhau, hoTen,ngaySinh,gioiTinh,tonGiao, tinhTrang, idNguoiThucHien) values ('NK81','HK163',N'Nguyễn Thị Mai Thành', '1979-12-22', N'Nam',N'' , N'Đã xác nhận',1)
insert into nhan_khau(maNhanKhau, maHoKhau, hoTen,ngaySinh,gioiTinh,tonGiao, tinhTrang, idNguoiThucHien) values ('NK82','HK164',N'Lê Thị Mai An', '1970-10-24', N'Nam',N'' , N'Đã xác nhận',1)
insert into nhan_khau(maNhanKhau, maHoKhau, hoTen,ngaySinh,gioiTinh,tonGiao, tinhTrang, idNguoiThucHien) values ('NK83','HK165',N'Đặng Thị Như An', '1956-10-27', N'Nam',N'' , N'Đã xác nhận',1)
insert into nhan_khau(maNhanKhau, maHoKhau, hoTen,ngaySinh,gioiTinh,tonGiao, tinhTrang, idNguoiThucHien) values ('NK84','HK166',N'Trần Khánh Quỳnh Nam', '1954-11-19', N'Nữ',N'Phật giáo' , N'Đã xác nhận',1)
insert into nhan_khau(maNhanKhau, maHoKhau, hoTen,ngaySinh,gioiTinh,tonGiao, tinhTrang, idNguoiThucHien) values ('NK85','HK167',N'Trần Thị Hòa', '1959-02-05', N'Nữ',N'' , N'Đã xác nhận',1)
insert into nhan_khau(maNhanKhau, maHoKhau, hoTen,ngaySinh,gioiTinh,tonGiao, tinhTrang, idNguoiThucHien) values ('NK86','HK168',N'Trần Văn Hòa', '1976-06-15', N'Nam',N'' , N'Đã xác nhận',1)
insert into nhan_khau(maNhanKhau, maHoKhau, hoTen,ngaySinh,gioiTinh,tonGiao, tinhTrang, idNguoiThucHien) values ('NK87','HK169',N'Nguyễn Thị Trúc Nam', '1950-08-18', N'Nam',N'' , N'Đã xác nhận',1)
insert into nhan_khau(maNhanKhau, maHoKhau, hoTen,ngaySinh,gioiTinh,tonGiao, tinhTrang, idNguoiThucHien) values ('NK88','HK17',N'Đặng Khánh Quỳnh Hòa', '1964-06-12', N'Nam',N'' , N'Đã xác nhận',1)
insert into nhan_khau(maNhanKhau, maHoKhau, hoTen,ngaySinh,gioiTinh,tonGiao, tinhTrang, idNguoiThucHien) values ('NK89','HK170',N'Nguyễn Thị Nam', '1962-04-15', N'Nam',N'' , N'Đã xác nhận',1)
insert into nhan_khau(maNhanKhau, maHoKhau, hoTen,ngaySinh,gioiTinh,tonGiao, tinhTrang, idNguoiThucHien) values ('NK90','HK171',N'Nguyễn Khánh Hòa', '1952-09-21', N'Nữ',N'' , N'Đã xác nhận',1)
insert into nhan_khau(maNhanKhau, maHoKhau, hoTen,ngaySinh,gioiTinh,tonGiao, tinhTrang, idNguoiThucHien) values ('NK91','HK172',N'Lê Văn Mai Toàn', '1965-12-14', N'Nữ',N'' , N'Đã xác nhận',1)
insert into nhan_khau(maNhanKhau, maHoKhau, hoTen,ngaySinh,gioiTinh,tonGiao, tinhTrang, idNguoiThucHien) values ('NK92','HK173',N'Trần Văn Mai Nam', '1950-03-02', N'Nam',N'' , N'Đã xác nhận',1)
insert into nhan_khau(maNhanKhau, maHoKhau, hoTen,ngaySinh,gioiTinh,tonGiao, tinhTrang, idNguoiThucHien) values ('NK93','HK174',N'Đặng Văn Thành', '1977-09-15', N'Nam',N'' , N'Đã xác nhận',1)
insert into nhan_khau(maNhanKhau, maHoKhau, hoTen,ngaySinh,gioiTinh,tonGiao, tinhTrang, idNguoiThucHien) values ('NK94','HK175',N'Trần Thị Trúc Toàn', '1977-01-13', N'Nữ',N'' , N'Đã xác nhận',1)
insert into nhan_khau(maNhanKhau, maHoKhau, hoTen,ngaySinh,gioiTinh,tonGiao, tinhTrang, idNguoiThucHien) values ('NK95','HK176',N'Lê Khánh Mai Thành', '1960-02-19', N'Nữ',N'Phật giáo' , N'Đã xác nhận',1)
insert into nhan_khau(maNhanKhau, maHoKhau, hoTen,ngaySinh,gioiTinh,tonGiao, tinhTrang, idNguoiThucHien) values ('NK96','HK177',N'Nguyễn Thị Trúc Thành', '1955-09-10', N'Nữ',N'Phật giáo' , N'Đã xác nhận',1)
insert into nhan_khau(maNhanKhau, maHoKhau, hoTen,ngaySinh,gioiTinh,tonGiao, tinhTrang, idNguoiThucHien) values ('NK97','HK178',N'Đặng Thị Thành', '1969-04-02', N'Nữ',N'' , N'Đã xác nhận',1)
insert into nhan_khau(maNhanKhau, maHoKhau, hoTen,ngaySinh,gioiTinh,tonGiao, tinhTrang, idNguoiThucHien) values ('NK98','HK179',N'Đặng Khánh Anh Thành', '1950-12-12', N'Nam',N'' , N'Đã xác nhận',1)
insert into nhan_khau(maNhanKhau, maHoKhau, hoTen,ngaySinh,gioiTinh,tonGiao, tinhTrang, idNguoiThucHien) values ('NK99','HK18',N'Đặng Thị Thành', '1965-03-27', N'Nam',N'' , N'Đã xác nhận',1)
insert into nhan_khau(maNhanKhau, maHoKhau, hoTen,ngaySinh,gioiTinh,tonGiao, tinhTrang, idNguoiThucHien) values ('NK100','HK180',N'Trần Thị Anh Toàn', '1969-12-13', N'Nam',N'Thiên chúa giáo' , N'Đã xác nhận',1)
insert into nhan_khau(maNhanKhau, maHoKhau, hoTen,ngaySinh,gioiTinh,tonGiao, tinhTrang, idNguoiThucHien) values ('NK101','HK181',N'Trần Khánh Mai An', '1958-01-25', N'Nam',N'' , N'Đã xác nhận',1)
insert into nhan_khau(maNhanKhau, maHoKhau, hoTen,ngaySinh,gioiTinh,tonGiao, tinhTrang, idNguoiThucHien) values ('NK102','HK182',N'Trần Văn Anh Nam', '1957-08-03', N'Nam',N'Phật giáo' , N'Đã xác nhận',1)
insert into nhan_khau(maNhanKhau, maHoKhau, hoTen,ngaySinh,gioiTinh,tonGiao, tinhTrang, idNguoiThucHien) values ('NK103','HK183',N'Nguyễn Khánh Mai An', '1950-05-04', N'Nam',N'Thiên chúa giáo' , N'Đã xác nhận',1)
insert into nhan_khau(maNhanKhau, maHoKhau, hoTen,ngaySinh,gioiTinh,tonGiao, tinhTrang, idNguoiThucHien) values ('NK104','HK184',N'Nguyễn Thị Như Thành', '1966-10-25', N'Nữ',N'' , N'Đã xác nhận',1)
insert into nhan_khau(maNhanKhau, maHoKhau, hoTen,ngaySinh,gioiTinh,tonGiao, tinhTrang, idNguoiThucHien) values ('NK105','HK185',N'Đặng Thị Anh An', '1974-04-10', N'Nữ',N'' , N'Đã xác nhận',1)
insert into nhan_khau(maNhanKhau, maHoKhau, hoTen,ngaySinh,gioiTinh,tonGiao, tinhTrang, idNguoiThucHien) values ('NK106','HK186',N'Đặng Khánh Anh Nam', '1967-12-13', N'Nam',N'' , N'Đã xác nhận',1)
insert into nhan_khau(maNhanKhau, maHoKhau, hoTen,ngaySinh,gioiTinh,tonGiao, tinhTrang, idNguoiThucHien) values ('NK107','HK187',N'Đặng Khánh Như Thành', '1973-02-23', N'Nữ',N'' , N'Đã xác nhận',1)
insert into nhan_khau(maNhanKhau, maHoKhau, hoTen,ngaySinh,gioiTinh,tonGiao, tinhTrang, idNguoiThucHien) values ('NK108','HK188',N'Nguyễn Khánh Như Nam', '1960-02-12', N'Nam',N'Thiên chúa giáo' , N'Đã xác nhận',1)
insert into nhan_khau(maNhanKhau, maHoKhau, hoTen,ngaySinh,gioiTinh,tonGiao, tinhTrang, idNguoiThucHien) values ('NK109','HK189',N'Trần Văn Trúc Nam', '1962-06-25', N'Nam',N'Thiên chúa giáo' , N'Đã xác nhận',1)
insert into nhan_khau(maNhanKhau, maHoKhau, hoTen,ngaySinh,gioiTinh,tonGiao, tinhTrang, idNguoiThucHien) values ('NK110','HK19',N'Nguyễn Khánh Quỳnh Thành', '1955-12-28', N'Nữ',N'' , N'Đã xác nhận',1)
insert into nhan_khau(maNhanKhau, maHoKhau, hoTen,ngaySinh,gioiTinh,tonGiao, tinhTrang, idNguoiThucHien) values ('NK111','HK190',N'Đặng Thị An', '1956-10-22', N'Nữ',N'' , N'Đã xác nhận',1)
insert into nhan_khau(maNhanKhau, maHoKhau, hoTen,ngaySinh,gioiTinh,tonGiao, tinhTrang, idNguoiThucHien) values ('NK112','HK191',N'Nguyễn Văn Mai An', '1966-03-27', N'Nam',N'' , N'Đã xác nhận',1)
insert into nhan_khau(maNhanKhau, maHoKhau, hoTen,ngaySinh,gioiTinh,tonGiao, tinhTrang, idNguoiThucHien) values ('NK113','HK192',N'Lê Thị An', '1951-11-12', N'Nam',N'Phật giáo' , N'Đã xác nhận',1)
insert into nhan_khau(maNhanKhau, maHoKhau, hoTen,ngaySinh,gioiTinh,tonGiao, tinhTrang, idNguoiThucHien) values ('NK114','HK193',N'Lê Thị Anh An', '1959-06-28', N'Nữ',N'Thiên chúa giáo' , N'Đã xác nhận',1)
insert into nhan_khau(maNhanKhau, maHoKhau, hoTen,ngaySinh,gioiTinh,tonGiao, tinhTrang, idNguoiThucHien) values ('NK115','HK194',N'Trần Văn An', '1968-05-20', N'Nam',N'' , N'Đã xác nhận',1)
insert into nhan_khau(maNhanKhau, maHoKhau, hoTen,ngaySinh,gioiTinh,tonGiao, tinhTrang, idNguoiThucHien) values ('NK116','HK195',N'Lê Văn Quỳnh An', '1969-07-18', N'Nữ',N'' , N'Đã xác nhận',1)
insert into nhan_khau(maNhanKhau, maHoKhau, hoTen,ngaySinh,gioiTinh,tonGiao, tinhTrang, idNguoiThucHien) values ('NK117','HK196',N'Trần Văn Thành', '1956-10-19', N'Nam',N'' , N'Đã xác nhận',1)
insert into nhan_khau(maNhanKhau, maHoKhau, hoTen,ngaySinh,gioiTinh,tonGiao, tinhTrang, idNguoiThucHien) values ('NK118','HK197',N'Nguyễn Văn An', '1953-12-24', N'Nam',N'Phật giáo' , N'Đã xác nhận',1)
insert into nhan_khau(maNhanKhau, maHoKhau, hoTen,ngaySinh,gioiTinh,tonGiao, tinhTrang, idNguoiThucHien) values ('NK119','HK198',N'Nguyễn Khánh Mai Thành', '1975-01-01', N'Nữ',N'' , N'Đã xác nhận',1)
insert into nhan_khau(maNhanKhau, maHoKhau, hoTen,ngaySinh,gioiTinh,tonGiao, tinhTrang, idNguoiThucHien) values ('NK120','HK199',N'Trần Khánh Mai Nam', '1960-04-18', N'Nam',N'' , N'Đã xác nhận',1)
insert into nhan_khau(maNhanKhau, maHoKhau, hoTen,ngaySinh,gioiTinh,tonGiao, tinhTrang, idNguoiThucHien) values ('NK121','HK2',N'Trần Thanh Duyên', '1952-09-13', N'Nam',N'' , N'Đã xác nhận',1)
insert into nhan_khau(maNhanKhau, maHoKhau, hoTen,ngaySinh,gioiTinh,tonGiao, tinhTrang, idNguoiThucHien) values ('NK122','HK20',N'Đặng Văn Nam', '1959-08-28', N'Nam',N'' , N'Đã xác nhận',1)
insert into nhan_khau(maNhanKhau, maHoKhau, hoTen,ngaySinh,gioiTinh,tonGiao, tinhTrang, idNguoiThucHien) values ('NK123','HK200',N'Trần Khánh Thành', '1955-01-04', N'Nam',N'' , N'Đã xác nhận',1)
insert into nhan_khau(maNhanKhau, maHoKhau, hoTen,ngaySinh,gioiTinh,tonGiao, tinhTrang, idNguoiThucHien) values ('NK124','HK201',N'Trần Thị Quỳnh Hòa', '1954-02-28', N'Nam',N'' , N'Đã xác nhận',1)
insert into nhan_khau(maNhanKhau, maHoKhau, hoTen,ngaySinh,gioiTinh,tonGiao, tinhTrang, idNguoiThucHien) values ('NK125','HK202',N'Trần Văn Trúc An', '1960-03-10', N'Nữ',N'' , N'Đã xác nhận',1)
insert into nhan_khau(maNhanKhau, maHoKhau, hoTen,ngaySinh,gioiTinh,tonGiao, tinhTrang, idNguoiThucHien) values ('NK126','HK203',N'Nguyễn Thị Anh Thành', '1979-02-10', N'Nữ',N'' , N'Đã xác nhận',1)
insert into nhan_khau(maNhanKhau, maHoKhau, hoTen,ngaySinh,gioiTinh,tonGiao, tinhTrang, idNguoiThucHien) values ('NK127','HK204',N'Lê Khánh Như Toàn', '1968-01-16', N'Nữ',N'' , N'Đã xác nhận',1)
insert into nhan_khau(maNhanKhau, maHoKhau, hoTen,ngaySinh,gioiTinh,tonGiao, tinhTrang, idNguoiThucHien) values ('NK128','HK205',N'Lê Thị Quỳnh Nam', '1968-02-03', N'Nữ',N'Phật giáo' , N'Đã xác nhận',1)
insert into nhan_khau(maNhanKhau, maHoKhau, hoTen,ngaySinh,gioiTinh,tonGiao, tinhTrang, idNguoiThucHien) values ('NK129','HK206',N'Lê Khánh Như Toàn', '1979-01-09', N'Nữ',N'' , N'Đã xác nhận',1)
insert into nhan_khau(maNhanKhau, maHoKhau, hoTen,ngaySinh,gioiTinh,tonGiao, tinhTrang, idNguoiThucHien) values ('NK130','HK207',N'Nguyễn Khánh Quỳnh Hòa', '1957-09-08', N'Nữ',N'Thiên chúa giáo' , N'Đã xác nhận',1)
insert into nhan_khau(maNhanKhau, maHoKhau, hoTen,ngaySinh,gioiTinh,tonGiao, tinhTrang, idNguoiThucHien) values ('NK131','HK208',N'Lê Thị Hòa', '1965-01-03', N'Nam',N'' , N'Đã xác nhận',1)
insert into nhan_khau(maNhanKhau, maHoKhau, hoTen,ngaySinh,gioiTinh,tonGiao, tinhTrang, idNguoiThucHien) values ('NK132','HK209',N'Đặng Khánh Anh Toàn', '1970-08-04', N'Nam',N'' , N'Đã xác nhận',1)
insert into nhan_khau(maNhanKhau, maHoKhau, hoTen,ngaySinh,gioiTinh,tonGiao, tinhTrang, idNguoiThucHien) values ('NK133','HK21',N'Trần Thị Quỳnh Thành', '1966-08-23', N'Nữ',N'Thiên chúa giáo' , N'Đã xác nhận',1)
insert into nhan_khau(maNhanKhau, maHoKhau, hoTen,ngaySinh,gioiTinh,tonGiao, tinhTrang, idNguoiThucHien) values ('NK134','HK210',N'Đặng Khánh An', '1955-11-18', N'Nữ',N'Thiên chúa giáo' , N'Đã xác nhận',1)
insert into nhan_khau(maNhanKhau, maHoKhau, hoTen,ngaySinh,gioiTinh,tonGiao, tinhTrang, idNguoiThucHien) values ('NK135','HK211',N'Lê Thị Anh Toàn', '1951-06-17', N'Nam',N'Phật giáo' , N'Đã xác nhận',1)
insert into nhan_khau(maNhanKhau, maHoKhau, hoTen,ngaySinh,gioiTinh,tonGiao, tinhTrang, idNguoiThucHien) values ('NK136','HK212',N'Lê Thị Anh Thành', '1968-05-23', N'Nam',N'Phật giáo' , N'Đã xác nhận',1)
insert into nhan_khau(maNhanKhau, maHoKhau, hoTen,ngaySinh,gioiTinh,tonGiao, tinhTrang, idNguoiThucHien) values ('NK137','HK213',N'Nguyễn Khánh Trúc Toàn', '1969-08-25', N'Nam',N'' , N'Đã xác nhận',1)
insert into nhan_khau(maNhanKhau, maHoKhau, hoTen,ngaySinh,gioiTinh,tonGiao, tinhTrang, idNguoiThucHien) values ('NK138','HK214',N'Đặng Thị Hòa', '1963-08-07', N'Nam',N'' , N'Đã xác nhận',1)
insert into nhan_khau(maNhanKhau, maHoKhau, hoTen,ngaySinh,gioiTinh,tonGiao, tinhTrang, idNguoiThucHien) values ('NK139','HK215',N'Nguyễn Thị An', '1969-01-25', N'Nam',N'Thiên chúa giáo' , N'Đã xác nhận',1)
insert into nhan_khau(maNhanKhau, maHoKhau, hoTen,ngaySinh,gioiTinh,tonGiao, tinhTrang, idNguoiThucHien) values ('NK140','HK216',N'Nguyễn Thị Như Thành', '1964-08-03', N'Nam',N'Thiên chúa giáo' , N'Đã xác nhận',1)
insert into nhan_khau(maNhanKhau, maHoKhau, hoTen,ngaySinh,gioiTinh,tonGiao, tinhTrang, idNguoiThucHien) values ('NK141','HK217',N'Lê Khánh Anh Toàn', '1951-04-28', N'Nam',N'Phật giáo' , N'Đã xác nhận',1)
insert into nhan_khau(maNhanKhau, maHoKhau, hoTen,ngaySinh,gioiTinh,tonGiao, tinhTrang, idNguoiThucHien) values ('NK142','HK218',N'Lê Văn Toàn', '1959-05-02', N'Nữ',N'' , N'Đã xác nhận',1)
insert into nhan_khau(maNhanKhau, maHoKhau, hoTen,ngaySinh,gioiTinh,tonGiao, tinhTrang, idNguoiThucHien) values ('NK143','HK219',N'Nguyễn Văn An', '1976-11-08', N'Nam',N'Thiên chúa giáo' , N'Đã xác nhận',1)
insert into nhan_khau(maNhanKhau, maHoKhau, hoTen,ngaySinh,gioiTinh,tonGiao, tinhTrang, idNguoiThucHien) values ('NK144','HK22',N'Đặng Thị Quỳnh Nam', '1969-03-24', N'Nam',N'Phật giáo' , N'Đã xác nhận',1)
insert into nhan_khau(maNhanKhau, maHoKhau, hoTen,ngaySinh,gioiTinh,tonGiao, tinhTrang, idNguoiThucHien) values ('NK145','HK220',N'Lê Thị An', '1955-03-15', N'Nữ',N'' , N'Đã xác nhận',1)
insert into nhan_khau(maNhanKhau, maHoKhau, hoTen,ngaySinh,gioiTinh,tonGiao, tinhTrang, idNguoiThucHien) values ('NK146','HK221',N'Đặng Khánh Toàn', '1966-08-14', N'Nam',N'Thiên chúa giáo' , N'Đã xác nhận',1)
insert into nhan_khau(maNhanKhau, maHoKhau, hoTen,ngaySinh,gioiTinh,tonGiao, tinhTrang, idNguoiThucHien) values ('NK147','HK222',N'Trần Khánh Mai An', '1973-02-27', N'Nam',N'' , N'Đã xác nhận',1)
insert into nhan_khau(maNhanKhau, maHoKhau, hoTen,ngaySinh,gioiTinh,tonGiao, tinhTrang, idNguoiThucHien) values ('NK148','HK223',N'Đặng Thị Hòa', '1962-12-08', N'Nữ',N'' , N'Đã xác nhận',1)
insert into nhan_khau(maNhanKhau, maHoKhau, hoTen,ngaySinh,gioiTinh,tonGiao, tinhTrang, idNguoiThucHien) values ('NK149','HK224',N'Trần Thị Thành', '1953-07-17', N'Nam',N'' , N'Đã xác nhận',1)
insert into nhan_khau(maNhanKhau, maHoKhau, hoTen,ngaySinh,gioiTinh,tonGiao, tinhTrang, idNguoiThucHien) values ('NK150','HK225',N'Đặng Văn Toàn', '1954-01-26', N'Nữ',N'Phật giáo' , N'Đã xác nhận',1)
insert into nhan_khau(maNhanKhau, maHoKhau, hoTen,ngaySinh,gioiTinh,tonGiao, tinhTrang, idNguoiThucHien) values ('NK151','HK226',N'Trần Khánh Quỳnh Hòa', '1953-07-09', N'Nữ',N'' , N'Đã xác nhận',1)
insert into nhan_khau(maNhanKhau, maHoKhau, hoTen,ngaySinh,gioiTinh,tonGiao, tinhTrang, idNguoiThucHien) values ('NK152','HK227',N'Đặng Thị Như An', '1970-11-06', N'Nam',N'' , N'Đã xác nhận',1)
insert into nhan_khau(maNhanKhau, maHoKhau, hoTen,ngaySinh,gioiTinh,tonGiao, tinhTrang, idNguoiThucHien) values ('NK153','HK228',N'Nguyễn Khánh Như Toàn', '1950-04-09', N'Nam',N'' , N'Đã xác nhận',1)
insert into nhan_khau(maNhanKhau, maHoKhau, hoTen,ngaySinh,gioiTinh,tonGiao, tinhTrang, idNguoiThucHien) values ('NK154','HK229',N'Đặng Văn Mai Hòa', '1977-05-07', N'Nam',N'Thiên chúa giáo' , N'Đã xác nhận',1)
insert into nhan_khau(maNhanKhau, maHoKhau, hoTen,ngaySinh,gioiTinh,tonGiao, tinhTrang, idNguoiThucHien) values ('NK155','HK23',N'Nguyễn Văn Hòa', '1953-11-07', N'Nam',N'Thiên chúa giáo' , N'Đã xác nhận',1)
insert into nhan_khau(maNhanKhau, maHoKhau, hoTen,ngaySinh,gioiTinh,tonGiao, tinhTrang, idNguoiThucHien) values ('NK156','HK230',N'Đặng Thị Mai Toàn', '1958-09-17', N'Nam',N'' , N'Đã xác nhận',1)
insert into nhan_khau(maNhanKhau, maHoKhau, hoTen,ngaySinh,gioiTinh,tonGiao, tinhTrang, idNguoiThucHien) values ('NK157','HK231',N'Đặng Thị Như An', '1977-05-18', N'Nữ',N'Thiên chúa giáo' , N'Đã xác nhận',1)
insert into nhan_khau(maNhanKhau, maHoKhau, hoTen,ngaySinh,gioiTinh,tonGiao, tinhTrang, idNguoiThucHien) values ('NK158','HK232',N'Nguyễn Thị Anh Nam', '1968-10-20', N'Nam',N'' , N'Đã xác nhận',1)
insert into nhan_khau(maNhanKhau, maHoKhau, hoTen,ngaySinh,gioiTinh,tonGiao, tinhTrang, idNguoiThucHien) values ('NK159','HK233',N'Nguyễn Khánh Nam', '1978-11-14', N'Nam',N'' , N'Đã xác nhận',1)
insert into nhan_khau(maNhanKhau, maHoKhau, hoTen,ngaySinh,gioiTinh,tonGiao, tinhTrang, idNguoiThucHien) values ('NK160','HK234',N'Lê Khánh Mai An', '1950-06-17', N'Nữ',N'Phật giáo' , N'Đã xác nhận',1)
insert into nhan_khau(maNhanKhau, maHoKhau, hoTen,ngaySinh,gioiTinh,tonGiao, tinhTrang, idNguoiThucHien) values ('NK161','HK235',N'Đặng Thị Quỳnh Nam', '1956-06-10', N'Nữ',N'' , N'Đã xác nhận',1)
insert into nhan_khau(maNhanKhau, maHoKhau, hoTen,ngaySinh,gioiTinh,tonGiao, tinhTrang, idNguoiThucHien) values ('NK162','HK236',N'Đặng Thị Mai Thành', '1952-10-17', N'Nam',N'' , N'Đã xác nhận',1)
insert into nhan_khau(maNhanKhau, maHoKhau, hoTen,ngaySinh,gioiTinh,tonGiao, tinhTrang, idNguoiThucHien) values ('NK163','HK237',N'Nguyễn Thị An', '1950-04-27', N'Nam',N'Phật giáo' , N'Đã xác nhận',1)
insert into nhan_khau(maNhanKhau, maHoKhau, hoTen,ngaySinh,gioiTinh,tonGiao, tinhTrang, idNguoiThucHien) values ('NK164','HK238',N'Lê Khánh Anh Hòa', '1972-04-25', N'Nữ',N'Phật giáo' , N'Đã xác nhận',1)
insert into nhan_khau(maNhanKhau, maHoKhau, hoTen,ngaySinh,gioiTinh,tonGiao, tinhTrang, idNguoiThucHien) values ('NK165','HK239',N'Trần Thị Mai Thành', '1964-01-08', N'Nam',N'Phật giáo' , N'Đã xác nhận',1)
insert into nhan_khau(maNhanKhau, maHoKhau, hoTen,ngaySinh,gioiTinh,tonGiao, tinhTrang, idNguoiThucHien) values ('NK166','HK24',N'Đặng Khánh Như Toàn', '1977-01-01', N'Nam',N'Phật giáo' , N'Đã xác nhận',1)
insert into nhan_khau(maNhanKhau, maHoKhau, hoTen,ngaySinh,gioiTinh,tonGiao, tinhTrang, idNguoiThucHien) values ('NK167','HK240',N'Trần Văn Như An', '1960-07-05', N'Nữ',N'' , N'Đã xác nhận',1)
insert into nhan_khau(maNhanKhau, maHoKhau, hoTen,ngaySinh,gioiTinh,tonGiao, tinhTrang, idNguoiThucHien) values ('NK168','HK241',N'Đặng Khánh Như Nam', '1953-04-07', N'Nam',N'Phật giáo' , N'Đã xác nhận',1)
insert into nhan_khau(maNhanKhau, maHoKhau, hoTen,ngaySinh,gioiTinh,tonGiao, tinhTrang, idNguoiThucHien) values ('NK169','HK242',N'Lê Khánh Như Hòa', '1977-05-25', N'Nam',N'' , N'Đã xác nhận',1)
insert into nhan_khau(maNhanKhau, maHoKhau, hoTen,ngaySinh,gioiTinh,tonGiao, tinhTrang, idNguoiThucHien) values ('NK170','HK243',N'Nguyễn Văn Trúc Nam', '1970-07-28', N'Nữ',N'Phật giáo' , N'Đã xác nhận',1)
insert into nhan_khau(maNhanKhau, maHoKhau, hoTen,ngaySinh,gioiTinh,tonGiao, tinhTrang, idNguoiThucHien) values ('NK171','HK244',N'Lê Khánh Trúc Nam', '1973-02-02', N'Nữ',N'Phật giáo' , N'Đã xác nhận',1)
insert into nhan_khau(maNhanKhau, maHoKhau, hoTen,ngaySinh,gioiTinh,tonGiao, tinhTrang, idNguoiThucHien) values ('NK172','HK245',N'Nguyễn Văn Mai Hòa', '1975-07-28', N'Nữ',N'Phật giáo' , N'Đã xác nhận',1)
insert into nhan_khau(maNhanKhau, maHoKhau, hoTen,ngaySinh,gioiTinh,tonGiao, tinhTrang, idNguoiThucHien) values ('NK173','HK246',N'Lê Khánh An', '1967-11-01', N'Nam',N'Phật giáo' , N'Đã xác nhận',1)
insert into nhan_khau(maNhanKhau, maHoKhau, hoTen,ngaySinh,gioiTinh,tonGiao, tinhTrang, idNguoiThucHien) values ('NK174','HK247',N'Đặng Thị Mai Toàn', '1963-10-10', N'Nữ',N'Thiên chúa giáo' , N'Đã xác nhận',1)
insert into nhan_khau(maNhanKhau, maHoKhau, hoTen,ngaySinh,gioiTinh,tonGiao, tinhTrang, idNguoiThucHien) values ('NK175','HK248',N'Đặng Khánh Mai An', '1973-12-01', N'Nữ',N'' , N'Đã xác nhận',1)
insert into nhan_khau(maNhanKhau, maHoKhau, hoTen,ngaySinh,gioiTinh,tonGiao, tinhTrang, idNguoiThucHien) values ('NK176','HK249',N'Nguyễn Thị Trúc Toàn', '1952-02-19', N'Nam',N'' , N'Đã xác nhận',1)
insert into nhan_khau(maNhanKhau, maHoKhau, hoTen,ngaySinh,gioiTinh,tonGiao, tinhTrang, idNguoiThucHien) values ('NK177','HK25',N'Đặng Văn Hòa', '1957-09-25', N'Nữ',N'' , N'Đã xác nhận',1)
insert into nhan_khau(maNhanKhau, maHoKhau, hoTen,ngaySinh,gioiTinh,tonGiao, tinhTrang, idNguoiThucHien) values ('NK178','HK250',N'Đặng Thị Quỳnh Thành', '1977-02-20', N'Nam',N'Phật giáo' , N'Đã xác nhận',1)
insert into nhan_khau(maNhanKhau, maHoKhau, hoTen,ngaySinh,gioiTinh,tonGiao, tinhTrang, idNguoiThucHien) values ('NK179','HK251',N'Lê Văn Như Hòa', '1953-12-03', N'Nữ',N'' , N'Đã xác nhận',1)
insert into nhan_khau(maNhanKhau, maHoKhau, hoTen,ngaySinh,gioiTinh,tonGiao, tinhTrang, idNguoiThucHien) values ('NK180','HK252',N'Lê Thị Như An', '1974-10-22', N'Nữ',N'Phật giáo' , N'Đã xác nhận',1)
insert into nhan_khau(maNhanKhau, maHoKhau, hoTen,ngaySinh,gioiTinh,tonGiao, tinhTrang, idNguoiThucHien) values ('NK181','HK253',N'Đặng Thị Toàn', '1972-02-09', N'Nam',N'' , N'Đã xác nhận',1)
insert into nhan_khau(maNhanKhau, maHoKhau, hoTen,ngaySinh,gioiTinh,tonGiao, tinhTrang, idNguoiThucHien) values ('NK182','HK254',N'Lê Khánh Trúc Thành', '1952-09-26', N'Nữ',N'' , N'Đã xác nhận',1)
insert into nhan_khau(maNhanKhau, maHoKhau, hoTen,ngaySinh,gioiTinh,tonGiao, tinhTrang, idNguoiThucHien) values ('NK183','HK255',N'Lê Văn Quỳnh Thành', '1955-01-07', N'Nữ',N'Phật giáo' , N'Đã xác nhận',1)
insert into nhan_khau(maNhanKhau, maHoKhau, hoTen,ngaySinh,gioiTinh,tonGiao, tinhTrang, idNguoiThucHien) values ('NK184','HK256',N'Trần Thị Anh Toàn', '1979-12-21', N'Nữ',N'' , N'Đã xác nhận',1)
insert into nhan_khau(maNhanKhau, maHoKhau, hoTen,ngaySinh,gioiTinh,tonGiao, tinhTrang, idNguoiThucHien) values ('NK185','HK257',N'Trần Thị Trúc Hòa', '1970-04-14', N'Nữ',N'' , N'Đã xác nhận',1)
insert into nhan_khau(maNhanKhau, maHoKhau, hoTen,ngaySinh,gioiTinh,tonGiao, tinhTrang, idNguoiThucHien) values ('NK186','HK258',N'Lê Khánh Quỳnh An', '1959-08-05', N'Nữ',N'' , N'Đã xác nhận',1)
insert into nhan_khau(maNhanKhau, maHoKhau, hoTen,ngaySinh,gioiTinh,tonGiao, tinhTrang, idNguoiThucHien) values ('NK187','HK259',N'Đặng Thị Mai Toàn', '1976-12-05', N'Nữ',N'Phật giáo' , N'Đã xác nhận',1)
insert into nhan_khau(maNhanKhau, maHoKhau, hoTen,ngaySinh,gioiTinh,tonGiao, tinhTrang, idNguoiThucHien) values ('NK188','HK26',N'Đặng Khánh Quỳnh Toàn', '1977-09-04', N'Nữ',N'Phật giáo' , N'Đã xác nhận',1)
insert into nhan_khau(maNhanKhau, maHoKhau, hoTen,ngaySinh,gioiTinh,tonGiao, tinhTrang, idNguoiThucHien) values ('NK189','HK260',N'Lê Khánh Quỳnh Thành', '1979-10-26', N'Nam',N'' , N'Đã xác nhận',1)
insert into nhan_khau(maNhanKhau, maHoKhau, hoTen,ngaySinh,gioiTinh,tonGiao, tinhTrang, idNguoiThucHien) values ('NK190','HK261',N'Lê Thị Như An', '1954-03-28', N'Nam',N'' , N'Đã xác nhận',1)
insert into nhan_khau(maNhanKhau, maHoKhau, hoTen,ngaySinh,gioiTinh,tonGiao, tinhTrang, idNguoiThucHien) values ('NK191','HK262',N'Đặng Văn Trúc Hòa', '1979-09-22', N'Nữ',N'' , N'Đã xác nhận',1)
insert into nhan_khau(maNhanKhau, maHoKhau, hoTen,ngaySinh,gioiTinh,tonGiao, tinhTrang, idNguoiThucHien) values ('NK192','HK263',N'Lê Thị Trúc Nam', '1961-06-09', N'Nam',N'' , N'Đã xác nhận',1)
insert into nhan_khau(maNhanKhau, maHoKhau, hoTen,ngaySinh,gioiTinh,tonGiao, tinhTrang, idNguoiThucHien) values ('NK193','HK264',N'Lê Văn Trúc Hòa', '1960-01-05', N'Nữ',N'' , N'Đã xác nhận',1)
insert into nhan_khau(maNhanKhau, maHoKhau, hoTen,ngaySinh,gioiTinh,tonGiao, tinhTrang, idNguoiThucHien) values ('NK194','HK265',N'Lê Văn Trúc An', '1967-11-27', N'Nam',N'' , N'Đã xác nhận',1)
insert into nhan_khau(maNhanKhau, maHoKhau, hoTen,ngaySinh,gioiTinh,tonGiao, tinhTrang, idNguoiThucHien) values ('NK195','HK266',N'Nguyễn Văn An', '1971-12-03', N'Nam',N'' , N'Đã xác nhận',1)
insert into nhan_khau(maNhanKhau, maHoKhau, hoTen,ngaySinh,gioiTinh,tonGiao, tinhTrang, idNguoiThucHien) values ('NK196','HK267',N'Nguyễn Khánh Như Hòa', '1950-03-06', N'Nữ',N'' , N'Đã xác nhận',1)
insert into nhan_khau(maNhanKhau, maHoKhau, hoTen,ngaySinh,gioiTinh,tonGiao, tinhTrang, idNguoiThucHien) values ('NK197','HK268',N'Lê Khánh Thành', '1968-05-10', N'Nữ',N'Thiên chúa giáo' , N'Đã xác nhận',1)
insert into nhan_khau(maNhanKhau, maHoKhau, hoTen,ngaySinh,gioiTinh,tonGiao, tinhTrang, idNguoiThucHien) values ('NK198','HK269',N'Trần Văn Như Nam', '1957-11-11', N'Nữ',N'' , N'Đã xác nhận',1)
insert into nhan_khau(maNhanKhau, maHoKhau, hoTen,ngaySinh,gioiTinh,tonGiao, tinhTrang, idNguoiThucHien) values ('NK199','HK27',N'Nguyễn Thị Quỳnh Toàn', '1963-04-21', N'Nam',N'Phật giáo' , N'Đã xác nhận',1)
insert into nhan_khau(maNhanKhau, maHoKhau, hoTen,ngaySinh,gioiTinh,tonGiao, tinhTrang, idNguoiThucHien) values ('NK200','HK270',N'Trần Thị Trúc An', '1975-03-14', N'Nam',N'Thiên chúa giáo' , N'Đã xác nhận',1)
insert into nhan_khau(maNhanKhau, maHoKhau, hoTen,ngaySinh,gioiTinh,tonGiao, tinhTrang, idNguoiThucHien) values ('NK201','HK271',N'Trần Khánh Mai Thành', '1954-09-19', N'Nữ',N'' , N'Đã xác nhận',1)
insert into nhan_khau(maNhanKhau, maHoKhau, hoTen,ngaySinh,gioiTinh,tonGiao, tinhTrang, idNguoiThucHien) values ('NK202','HK272',N'Trần Khánh Mai An', '1980-07-24', N'Nữ',N'' , N'Đã xác nhận',1)
insert into nhan_khau(maNhanKhau, maHoKhau, hoTen,ngaySinh,gioiTinh,tonGiao, tinhTrang, idNguoiThucHien) values ('NK203','HK273',N'Lê Thị Quỳnh Nam', '1952-01-01', N'Nữ',N'Thiên chúa giáo' , N'Đã xác nhận',1)
insert into nhan_khau(maNhanKhau, maHoKhau, hoTen,ngaySinh,gioiTinh,tonGiao, tinhTrang, idNguoiThucHien) values ('NK204','HK274',N'Đặng Khánh Nam', '1954-07-03', N'Nam',N'' , N'Đã xác nhận',1)
insert into nhan_khau(maNhanKhau, maHoKhau, hoTen,ngaySinh,gioiTinh,tonGiao, tinhTrang, idNguoiThucHien) values ('NK205','HK275',N'Đặng Thị Trúc Thành', '1959-07-15', N'Nam',N'' , N'Đã xác nhận',1)
insert into nhan_khau(maNhanKhau, maHoKhau, hoTen,ngaySinh,gioiTinh,tonGiao, tinhTrang, idNguoiThucHien) values ('NK206','HK276',N'Đặng Văn Như Nam', '1960-07-22', N'Nam',N'Thiên chúa giáo' , N'Đã xác nhận',1)
insert into nhan_khau(maNhanKhau, maHoKhau, hoTen,ngaySinh,gioiTinh,tonGiao, tinhTrang, idNguoiThucHien) values ('NK207','HK277',N'Đặng Khánh Như An', '1957-05-01', N'Nữ',N'' , N'Đã xác nhận',1)
insert into nhan_khau(maNhanKhau, maHoKhau, hoTen,ngaySinh,gioiTinh,tonGiao, tinhTrang, idNguoiThucHien) values ('NK208','HK278',N'Nguyễn Khánh Quỳnh Hòa', '1951-09-17', N'Nam',N'' , N'Đã xác nhận',1)
insert into nhan_khau(maNhanKhau, maHoKhau, hoTen,ngaySinh,gioiTinh,tonGiao, tinhTrang, idNguoiThucHien) values ('NK209','HK279',N'Lê Khánh Mai Thành', '1972-07-11', N'Nam',N'' , N'Đã xác nhận',1)
insert into nhan_khau(maNhanKhau, maHoKhau, hoTen,ngaySinh,gioiTinh,tonGiao, tinhTrang, idNguoiThucHien) values ('NK210','HK28',N'Lê Thị Mai Nam', '1970-12-24', N'Nam',N'Phật giáo' , N'Đã xác nhận',1)
insert into nhan_khau(maNhanKhau, maHoKhau, hoTen,ngaySinh,gioiTinh,tonGiao, tinhTrang, idNguoiThucHien) values ('NK211','HK280',N'Nguyễn Thị Mai Nam', '1975-10-14', N'Nam',N'' , N'Đã xác nhận',1)
insert into nhan_khau(maNhanKhau, maHoKhau, hoTen,ngaySinh,gioiTinh,tonGiao, tinhTrang, idNguoiThucHien) values ('NK212','HK281',N'Nguyễn Thị Anh Thành', '1951-10-14', N'Nam',N'Phật giáo' , N'Đã xác nhận',1)
insert into nhan_khau(maNhanKhau, maHoKhau, hoTen,ngaySinh,gioiTinh,tonGiao, tinhTrang, idNguoiThucHien) values ('NK213','HK282',N'Trần Khánh Mai Nam', '1965-09-12', N'Nữ',N'Phật giáo' , N'Đã xác nhận',1)
insert into nhan_khau(maNhanKhau, maHoKhau, hoTen,ngaySinh,gioiTinh,tonGiao, tinhTrang, idNguoiThucHien) values ('NK214','HK283',N'Lê Thị Quỳnh An', '1975-07-15', N'Nữ',N'Thiên chúa giáo' , N'Đã xác nhận',1)
insert into nhan_khau(maNhanKhau, maHoKhau, hoTen,ngaySinh,gioiTinh,tonGiao, tinhTrang, idNguoiThucHien) values ('NK215','HK284',N'Lê Khánh Anh Nam', '1954-08-28', N'Nam',N'' , N'Đã xác nhận',1)
insert into nhan_khau(maNhanKhau, maHoKhau, hoTen,ngaySinh,gioiTinh,tonGiao, tinhTrang, idNguoiThucHien) values ('NK216','HK285',N'Lê Khánh Hòa', '1977-03-09', N'Nữ',N'' , N'Đã xác nhận',1)
insert into nhan_khau(maNhanKhau, maHoKhau, hoTen,ngaySinh,gioiTinh,tonGiao, tinhTrang, idNguoiThucHien) values ('NK217','HK286',N'Lê Văn An', '1970-08-10', N'Nam',N'Thiên chúa giáo' , N'Đã xác nhận',1)
insert into nhan_khau(maNhanKhau, maHoKhau, hoTen,ngaySinh,gioiTinh,tonGiao, tinhTrang, idNguoiThucHien) values ('NK218','HK287',N'Trần Khánh An', '1962-01-05', N'Nam',N'Phật giáo' , N'Đã xác nhận',1)
insert into nhan_khau(maNhanKhau, maHoKhau, hoTen,ngaySinh,gioiTinh,tonGiao, tinhTrang, idNguoiThucHien) values ('NK219','HK288',N'Trần Khánh An', '1966-12-23', N'Nam',N'' , N'Đã xác nhận',1)
insert into nhan_khau(maNhanKhau, maHoKhau, hoTen,ngaySinh,gioiTinh,tonGiao, tinhTrang, idNguoiThucHien) values ('NK220','HK289',N'Đặng Khánh Quỳnh An', '1960-02-06', N'Nam',N'' , N'Đã xác nhận',1)
insert into nhan_khau(maNhanKhau, maHoKhau, hoTen,ngaySinh,gioiTinh,tonGiao, tinhTrang, idNguoiThucHien) values ('NK221','HK29',N'Nguyễn Khánh Quỳnh Thành', '1951-12-15', N'Nữ',N'' , N'Đã xác nhận',1)
insert into nhan_khau(maNhanKhau, maHoKhau, hoTen,ngaySinh,gioiTinh,tonGiao, tinhTrang, idNguoiThucHien) values ('NK222','HK290',N'Lê Khánh Hòa', '1964-12-07', N'Nam',N'' , N'Đã xác nhận',1)
insert into nhan_khau(maNhanKhau, maHoKhau, hoTen,ngaySinh,gioiTinh,tonGiao, tinhTrang, idNguoiThucHien) values ('NK223','HK291',N'Lê Khánh Quỳnh Nam', '1979-04-02', N'Nữ',N'' , N'Đã xác nhận',1)
insert into nhan_khau(maNhanKhau, maHoKhau, hoTen,ngaySinh,gioiTinh,tonGiao, tinhTrang, idNguoiThucHien) values ('NK224','HK292',N'Lê Văn Mai Nam', '1952-08-15', N'Nữ',N'' , N'Đã xác nhận',1)
insert into nhan_khau(maNhanKhau, maHoKhau, hoTen,ngaySinh,gioiTinh,tonGiao, tinhTrang, idNguoiThucHien) values ('NK225','HK293',N'Lê Khánh Thành', '1975-01-28', N'Nữ',N'' , N'Đã xác nhận',1)
insert into nhan_khau(maNhanKhau, maHoKhau, hoTen,ngaySinh,gioiTinh,tonGiao, tinhTrang, idNguoiThucHien) values ('NK226','HK294',N'Đặng Văn Thành', '1978-04-16', N'Nam',N'' , N'Đã xác nhận',1)
insert into nhan_khau(maNhanKhau, maHoKhau, hoTen,ngaySinh,gioiTinh,tonGiao, tinhTrang, idNguoiThucHien) values ('NK227','HK295',N'Trần Khánh Hòa', '1962-10-06', N'Nam',N'' , N'Đã xác nhận',1)
insert into nhan_khau(maNhanKhau, maHoKhau, hoTen,ngaySinh,gioiTinh,tonGiao, tinhTrang, idNguoiThucHien) values ('NK228','HK296',N'Trần Văn Mai Nam', '1961-04-04', N'Nam',N'' , N'Đã xác nhận',1)
insert into nhan_khau(maNhanKhau, maHoKhau, hoTen,ngaySinh,gioiTinh,tonGiao, tinhTrang, idNguoiThucHien) values ('NK229','HK297',N'Lê Khánh Anh Nam', '1963-12-28', N'Nữ',N'' , N'Đã xác nhận',1)
insert into nhan_khau(maNhanKhau, maHoKhau, hoTen,ngaySinh,gioiTinh,tonGiao, tinhTrang, idNguoiThucHien) values ('NK230','HK298',N'Trần Khánh Thành', '1952-04-20', N'Nam',N'Thiên chúa giáo' , N'Đã xác nhận',1)
insert into nhan_khau(maNhanKhau, maHoKhau, hoTen,ngaySinh,gioiTinh,tonGiao, tinhTrang, idNguoiThucHien) values ('NK231','HK299',N'Lê Khánh Hòa', '1973-04-28', N'Nữ',N'' , N'Đã xác nhận',1)
insert into nhan_khau(maNhanKhau, maHoKhau, hoTen,ngaySinh,gioiTinh,tonGiao, tinhTrang, idNguoiThucHien) values ('NK232','HK3',N'Nguyễn Tiến Dũng', '1976-04-27', N'Nữ',N'' , N'Đã xác nhận',1)
insert into nhan_khau(maNhanKhau, maHoKhau, hoTen,ngaySinh,gioiTinh,tonGiao, tinhTrang, idNguoiThucHien) values ('NK233','HK30',N'Lê Thị Trúc Thành', '1950-02-10', N'Nam',N'' , N'Đã xác nhận',1)
insert into nhan_khau(maNhanKhau, maHoKhau, hoTen,ngaySinh,gioiTinh,tonGiao, tinhTrang, idNguoiThucHien) values ('NK234','HK300',N'Trần Văn Hòa', '1962-05-10', N'Nam',N'' , N'Đã xác nhận',1)
insert into nhan_khau(maNhanKhau, maHoKhau, hoTen,ngaySinh,gioiTinh,tonGiao, tinhTrang, idNguoiThucHien) values ('NK235','HK301',N'Trần Khánh An', '1971-09-02', N'Nữ',N'Thiên chúa giáo' , N'Đã xác nhận',1)
insert into nhan_khau(maNhanKhau, maHoKhau, hoTen,ngaySinh,gioiTinh,tonGiao, tinhTrang, idNguoiThucHien) values ('NK236','HK302',N'Nguyễn Khánh Nam', '1960-12-06', N'Nữ',N'' , N'Đã xác nhận',1)
insert into nhan_khau(maNhanKhau, maHoKhau, hoTen,ngaySinh,gioiTinh,tonGiao, tinhTrang, idNguoiThucHien) values ('NK237','HK303',N'Nguyễn Thị Như Hòa', '1951-03-19', N'Nữ',N'' , N'Đã xác nhận',1)
insert into nhan_khau(maNhanKhau, maHoKhau, hoTen,ngaySinh,gioiTinh,tonGiao, tinhTrang, idNguoiThucHien) values ('NK238','HK304',N'Nguyễn Thị Anh Thành', '1960-07-22', N'Nam',N'' , N'Đã xác nhận',1)
insert into nhan_khau(maNhanKhau, maHoKhau, hoTen,ngaySinh,gioiTinh,tonGiao, tinhTrang, idNguoiThucHien) values ('NK239','HK305',N'Lê Khánh Quỳnh Nam', '1956-03-20', N'Nam',N'Thiên chúa giáo' , N'Đã xác nhận',1)
insert into nhan_khau(maNhanKhau, maHoKhau, hoTen,ngaySinh,gioiTinh,tonGiao, tinhTrang, idNguoiThucHien) values ('NK240','HK31',N'Nguyễn Thị Thành', '1968-01-19', N'Nam',N'Phật giáo' , N'Đã xác nhận',1)
insert into nhan_khau(maNhanKhau, maHoKhau, hoTen,ngaySinh,gioiTinh,tonGiao, tinhTrang, idNguoiThucHien) values ('NK241','HK32',N'Lê Thị Anh Thành', '1967-02-07', N'Nữ',N'' , N'Đã xác nhận',1)
insert into nhan_khau(maNhanKhau, maHoKhau, hoTen,ngaySinh,gioiTinh,tonGiao, tinhTrang, idNguoiThucHien) values ('NK242','HK33',N'Nguyễn Khánh Anh Thành', '1963-10-19', N'Nữ',N'' , N'Đã xác nhận',1)
insert into nhan_khau(maNhanKhau, maHoKhau, hoTen,ngaySinh,gioiTinh,tonGiao, tinhTrang, idNguoiThucHien) values ('NK243','HK34',N'Trần Khánh Như Toàn', '1967-03-27', N'Nam',N'Thiên chúa giáo' , N'Đã xác nhận',1)
insert into nhan_khau(maNhanKhau, maHoKhau, hoTen,ngaySinh,gioiTinh,tonGiao, tinhTrang, idNguoiThucHien) values ('NK244','HK35',N'Đặng Khánh Hòa', '1951-01-17', N'Nữ',N'Phật giáo' , N'Đã xác nhận',1)
insert into nhan_khau(maNhanKhau, maHoKhau, hoTen,ngaySinh,gioiTinh,tonGiao, tinhTrang, idNguoiThucHien) values ('NK245','HK36',N'Trần Văn An', '1962-07-02', N'Nam',N'' , N'Đã xác nhận',1)
insert into nhan_khau(maNhanKhau, maHoKhau, hoTen,ngaySinh,gioiTinh,tonGiao, tinhTrang, idNguoiThucHien) values ('NK246','HK37',N'Lê Khánh Như Toàn', '1974-03-02', N'Nữ',N'Phật giáo' , N'Đã xác nhận',1)
insert into nhan_khau(maNhanKhau, maHoKhau, hoTen,ngaySinh,gioiTinh,tonGiao, tinhTrang, idNguoiThucHien) values ('NK247','HK38',N'Đặng Khánh Anh Toàn', '1963-01-05', N'Nữ',N'' , N'Đã xác nhận',1)
insert into nhan_khau(maNhanKhau, maHoKhau, hoTen,ngaySinh,gioiTinh,tonGiao, tinhTrang, idNguoiThucHien) values ('NK248','HK39',N'Trần Khánh Quỳnh Hòa', '1977-10-15', N'Nam',N'' , N'Đã xác nhận',1)
insert into nhan_khau(maNhanKhau, maHoKhau, hoTen,ngaySinh,gioiTinh,tonGiao, tinhTrang, idNguoiThucHien) values ('NK249','HK4',N'Nguyễn Tiến Đạt', '1953-04-22', N'Nam',N'Phật giáo' , N'Đã xác nhận',1)
insert into nhan_khau(maNhanKhau, maHoKhau, hoTen,ngaySinh,gioiTinh,tonGiao, tinhTrang, idNguoiThucHien) values ('NK250','HK40',N'Trần Khánh Quỳnh Hòa', '1977-05-24', N'Nam',N'' , N'Đã xác nhận',1)
insert into nhan_khau(maNhanKhau, maHoKhau, hoTen,ngaySinh,gioiTinh,tonGiao, tinhTrang, idNguoiThucHien) values ('NK251','HK41',N'Trần Thị Mai Toàn', '1968-02-21', N'Nữ',N'' , N'Đã xác nhận',1)
insert into nhan_khau(maNhanKhau, maHoKhau, hoTen,ngaySinh,gioiTinh,tonGiao, tinhTrang, idNguoiThucHien) values ('NK252','HK42',N'Nguyễn Khánh Mai Hòa', '1950-11-28', N'Nữ',N'' , N'Đã xác nhận',1)
insert into nhan_khau(maNhanKhau, maHoKhau, hoTen,ngaySinh,gioiTinh,tonGiao, tinhTrang, idNguoiThucHien) values ('NK253','HK43',N'Trần Khánh Như Nam', '1952-10-20', N'Nữ',N'Phật giáo' , N'Đã xác nhận',1)
insert into nhan_khau(maNhanKhau, maHoKhau, hoTen,ngaySinh,gioiTinh,tonGiao, tinhTrang, idNguoiThucHien) values ('NK254','HK44',N'Lê Thị Quỳnh Hòa', '1977-05-04', N'Nữ',N'' , N'Đã xác nhận',1)
insert into nhan_khau(maNhanKhau, maHoKhau, hoTen,ngaySinh,gioiTinh,tonGiao, tinhTrang, idNguoiThucHien) values ('NK255','HK45',N'Trần Văn Trúc Toàn', '1979-05-15', N'Nam',N'' , N'Đã xác nhận',1)
insert into nhan_khau(maNhanKhau, maHoKhau, hoTen,ngaySinh,gioiTinh,tonGiao, tinhTrang, idNguoiThucHien) values ('NK256','HK46',N'Trần Khánh Quỳnh Nam', '1952-02-26', N'Nữ',N'Phật giáo' , N'Đã xác nhận',1)
insert into nhan_khau(maNhanKhau, maHoKhau, hoTen,ngaySinh,gioiTinh,tonGiao, tinhTrang, idNguoiThucHien) values ('NK257','HK47',N'Lê Khánh Như Toàn', '1951-07-24', N'Nam',N'' , N'Đã xác nhận',1)
insert into nhan_khau(maNhanKhau, maHoKhau, hoTen,ngaySinh,gioiTinh,tonGiao, tinhTrang, idNguoiThucHien) values ('NK258','HK48',N'Lê Văn Như Nam', '1972-08-25', N'Nam',N'' , N'Đã xác nhận',1)
insert into nhan_khau(maNhanKhau, maHoKhau, hoTen,ngaySinh,gioiTinh,tonGiao, tinhTrang, idNguoiThucHien) values ('NK259','HK49',N'Đặng Khánh Anh Nam', '1954-08-17', N'Nữ',N'Thiên chúa giáo' , N'Đã xác nhận',1)
insert into nhan_khau(maNhanKhau, maHoKhau, hoTen,ngaySinh,gioiTinh,tonGiao, tinhTrang, idNguoiThucHien) values ('NK260','HK5',N'Trần Văn Quỳnh', '1970-04-27', N'Nam',N'' , N'Đã xác nhận',1)
insert into nhan_khau(maNhanKhau, maHoKhau, hoTen,ngaySinh,gioiTinh,tonGiao, tinhTrang, idNguoiThucHien) values ('NK261','HK50',N'Đặng Văn Trúc Toàn', '1969-03-22', N'Nữ',N'Thiên chúa giáo' , N'Đã xác nhận',1)
insert into nhan_khau(maNhanKhau, maHoKhau, hoTen,ngaySinh,gioiTinh,tonGiao, tinhTrang, idNguoiThucHien) values ('NK262','HK51',N'Nguyễn Văn Quỳnh Hòa', '1960-05-21', N'Nữ',N'Phật giáo' , N'Đã xác nhận',1)
insert into nhan_khau(maNhanKhau, maHoKhau, hoTen,ngaySinh,gioiTinh,tonGiao, tinhTrang, idNguoiThucHien) values ('NK263','HK52',N'Đặng Thị Anh Thành', '1950-08-20', N'Nam',N'' , N'Đã xác nhận',1)
insert into nhan_khau(maNhanKhau, maHoKhau, hoTen,ngaySinh,gioiTinh,tonGiao, tinhTrang, idNguoiThucHien) values ('NK264','HK53',N'Đặng Khánh Quỳnh Thành', '1952-07-04', N'Nữ',N'Thiên chúa giáo' , N'Đã xác nhận',1)
insert into nhan_khau(maNhanKhau, maHoKhau, hoTen,ngaySinh,gioiTinh,tonGiao, tinhTrang, idNguoiThucHien) values ('NK265','HK54',N'Lê Khánh Quỳnh Nam', '1965-04-07', N'Nữ',N'Thiên chúa giáo' , N'Đã xác nhận',1)
insert into nhan_khau(maNhanKhau, maHoKhau, hoTen,ngaySinh,gioiTinh,tonGiao, tinhTrang, idNguoiThucHien) values ('NK266','HK55',N'Lê Văn Mai Toàn', '1956-03-09', N'Nữ',N'' , N'Đã xác nhận',1)
insert into nhan_khau(maNhanKhau, maHoKhau, hoTen,ngaySinh,gioiTinh,tonGiao, tinhTrang, idNguoiThucHien) values ('NK267','HK56',N'Nguyễn Thị Thành', '1976-02-02', N'Nam',N'' , N'Đã xác nhận',1)
insert into nhan_khau(maNhanKhau, maHoKhau, hoTen,ngaySinh,gioiTinh,tonGiao, tinhTrang, idNguoiThucHien) values ('NK268','HK57',N'Nguyễn Văn An', '1980-07-09', N'Nam',N'' , N'Đã xác nhận',1)
insert into nhan_khau(maNhanKhau, maHoKhau, hoTen,ngaySinh,gioiTinh,tonGiao, tinhTrang, idNguoiThucHien) values ('NK269','HK58',N'Đặng Khánh Anh Nam', '1955-10-03', N'Nữ',N'' , N'Đã xác nhận',1)
insert into nhan_khau(maNhanKhau, maHoKhau, hoTen,ngaySinh,gioiTinh,tonGiao, tinhTrang, idNguoiThucHien) values ('NK270','HK59',N'Trần Văn Thành', '1955-02-12', N'Nữ',N'' , N'Đã xác nhận',1)
insert into nhan_khau(maNhanKhau, maHoKhau, hoTen,ngaySinh,gioiTinh,tonGiao, tinhTrang, idNguoiThucHien) values ('NK271','HK6',N'Đặng Thị Như An', '1967-02-27', N'Nữ',N'Phật giáo' , N'Đã xác nhận',1)
insert into nhan_khau(maNhanKhau, maHoKhau, hoTen,ngaySinh,gioiTinh,tonGiao, tinhTrang, idNguoiThucHien) values ('NK272','HK60',N'Nguyễn Khánh Như Thành', '1974-06-22', N'Nam',N'' , N'Đã xác nhận',1)
insert into nhan_khau(maNhanKhau, maHoKhau, hoTen,ngaySinh,gioiTinh,tonGiao, tinhTrang, idNguoiThucHien) values ('NK273','HK61',N'Trần Khánh Hòa', '1968-01-10', N'Nam',N'' , N'Đã xác nhận',1)
insert into nhan_khau(maNhanKhau, maHoKhau, hoTen,ngaySinh,gioiTinh,tonGiao, tinhTrang, idNguoiThucHien) values ('NK274','HK62',N'Trần Thị Trúc Hòa', '1980-03-20', N'Nữ',N'Phật giáo' , N'Đã xác nhận',1)
insert into nhan_khau(maNhanKhau, maHoKhau, hoTen,ngaySinh,gioiTinh,tonGiao, tinhTrang, idNguoiThucHien) values ('NK275','HK63',N'Lê Khánh Trúc Hòa', '1957-07-06', N'Nữ',N'Phật giáo' , N'Đã xác nhận',1)
insert into nhan_khau(maNhanKhau, maHoKhau, hoTen,ngaySinh,gioiTinh,tonGiao, tinhTrang, idNguoiThucHien) values ('NK276','HK64',N'Lê Văn Anh An', '1961-07-11', N'Nam',N'Thiên chúa giáo' , N'Đã xác nhận',1)
insert into nhan_khau(maNhanKhau, maHoKhau, hoTen,ngaySinh,gioiTinh,tonGiao, tinhTrang, idNguoiThucHien) values ('NK277','HK65',N'Trần Thị Thành', '1952-02-14', N'Nữ',N'Thiên chúa giáo' , N'Đã xác nhận',1)
insert into nhan_khau(maNhanKhau, maHoKhau, hoTen,ngaySinh,gioiTinh,tonGiao, tinhTrang, idNguoiThucHien) values ('NK278','HK66',N'Nguyễn Khánh Thành', '1968-06-07', N'Nam',N'Phật giáo' , N'Đã xác nhận',1)
insert into nhan_khau(maNhanKhau, maHoKhau, hoTen,ngaySinh,gioiTinh,tonGiao, tinhTrang, idNguoiThucHien) values ('NK279','HK67',N'Trần Thị Trúc An', '1969-07-05', N'Nữ',N'' , N'Đã xác nhận',1)
insert into nhan_khau(maNhanKhau, maHoKhau, hoTen,ngaySinh,gioiTinh,tonGiao, tinhTrang, idNguoiThucHien) values ('NK280','HK68',N'Đặng Khánh Toàn', '1966-05-08', N'Nữ',N'' , N'Đã xác nhận',1)
insert into nhan_khau(maNhanKhau, maHoKhau, hoTen,ngaySinh,gioiTinh,tonGiao, tinhTrang, idNguoiThucHien) values ('NK281','HK69',N'Lê Thị Quỳnh Thành', '1962-08-17', N'Nữ',N'Phật giáo' , N'Đã xác nhận',1)
insert into nhan_khau(maNhanKhau, maHoKhau, hoTen,ngaySinh,gioiTinh,tonGiao, tinhTrang, idNguoiThucHien) values ('NK282','HK7',N'Trần Khánh Quỳnh An', '1973-05-25', N'Nữ',N'' , N'Đã xác nhận',1)
insert into nhan_khau(maNhanKhau, maHoKhau, hoTen,ngaySinh,gioiTinh,tonGiao, tinhTrang, idNguoiThucHien) values ('NK283','HK70',N'Đặng Thị Mai Nam', '1979-03-25', N'Nữ',N'' , N'Đã xác nhận',1)
insert into nhan_khau(maNhanKhau, maHoKhau, hoTen,ngaySinh,gioiTinh,tonGiao, tinhTrang, idNguoiThucHien) values ('NK284','HK71',N'Đặng Khánh Mai Hòa', '1976-04-14', N'Nam',N'' , N'Đã xác nhận',1)
insert into nhan_khau(maNhanKhau, maHoKhau, hoTen,ngaySinh,gioiTinh,tonGiao, tinhTrang, idNguoiThucHien) values ('NK285','HK72',N'Đặng Khánh Trúc Thành', '1953-04-17', N'Nam',N'Phật giáo' , N'Đã xác nhận',1)
insert into nhan_khau(maNhanKhau, maHoKhau, hoTen,ngaySinh,gioiTinh,tonGiao, tinhTrang, idNguoiThucHien) values ('NK286','HK73',N'Đặng Khánh Thành', '1967-06-11', N'Nữ',N'' , N'Đã xác nhận',1)
insert into nhan_khau(maNhanKhau, maHoKhau, hoTen,ngaySinh,gioiTinh,tonGiao, tinhTrang, idNguoiThucHien) values ('NK287','HK74',N'Trần Khánh Quỳnh Toàn', '1980-03-13', N'Nữ',N'Thiên chúa giáo' , N'Đã xác nhận',1)
insert into nhan_khau(maNhanKhau, maHoKhau, hoTen,ngaySinh,gioiTinh,tonGiao, tinhTrang, idNguoiThucHien) values ('NK288','HK75',N'Nguyễn Văn Hòa', '1962-11-20', N'Nữ',N'' , N'Đã xác nhận',1)
insert into nhan_khau(maNhanKhau, maHoKhau, hoTen,ngaySinh,gioiTinh,tonGiao, tinhTrang, idNguoiThucHien) values ('NK289','HK76',N'Lê Khánh Thành', '1962-06-20', N'Nữ',N'' , N'Đã xác nhận',1)
insert into nhan_khau(maNhanKhau, maHoKhau, hoTen,ngaySinh,gioiTinh,tonGiao, tinhTrang, idNguoiThucHien) values ('NK290','HK77',N'Nguyễn Văn Thành', '1974-09-12', N'Nữ',N'Thiên chúa giáo' , N'Đã xác nhận',1)
insert into nhan_khau(maNhanKhau, maHoKhau, hoTen,ngaySinh,gioiTinh,tonGiao, tinhTrang, idNguoiThucHien) values ('NK291','HK78',N'Trần Khánh Trúc Hòa', '1953-02-14', N'Nữ',N'' , N'Đã xác nhận',1)
insert into nhan_khau(maNhanKhau, maHoKhau, hoTen,ngaySinh,gioiTinh,tonGiao, tinhTrang, idNguoiThucHien) values ('NK292','HK79',N'Trần Thị Quỳnh Thành', '1957-01-08', N'Nữ',N'Thiên chúa giáo' , N'Đã xác nhận',1)
insert into nhan_khau(maNhanKhau, maHoKhau, hoTen,ngaySinh,gioiTinh,tonGiao, tinhTrang, idNguoiThucHien) values ('NK293','HK8',N'Lê Thị Quỳnh An', '1963-12-27', N'Nữ',N'' , N'Đã xác nhận',1)
insert into nhan_khau(maNhanKhau, maHoKhau, hoTen,ngaySinh,gioiTinh,tonGiao, tinhTrang, idNguoiThucHien) values ('NK294','HK80',N'Đặng Văn Nam', '1964-06-11', N'Nữ',N'' , N'Đã xác nhận',1)
insert into nhan_khau(maNhanKhau, maHoKhau, hoTen,ngaySinh,gioiTinh,tonGiao, tinhTrang, idNguoiThucHien) values ('NK295','HK81',N'Trần Thị Anh Nam', '1964-09-09', N'Nam',N'' , N'Đã xác nhận',1)
insert into nhan_khau(maNhanKhau, maHoKhau, hoTen,ngaySinh,gioiTinh,tonGiao, tinhTrang, idNguoiThucHien) values ('NK296','HK82',N'Đặng Thị Toàn', '1975-01-16', N'Nam',N'' , N'Đã xác nhận',1)
insert into nhan_khau(maNhanKhau, maHoKhau, hoTen,ngaySinh,gioiTinh,tonGiao, tinhTrang, idNguoiThucHien) values ('NK297','HK83',N'Trần Thị Như Hòa', '1975-02-01', N'Nữ',N'' , N'Đã xác nhận',1)
insert into nhan_khau(maNhanKhau, maHoKhau, hoTen,ngaySinh,gioiTinh,tonGiao, tinhTrang, idNguoiThucHien) values ('NK298','HK84',N'Nguyễn Văn Mai Nam', '1978-04-09', N'Nữ',N'' , N'Đã xác nhận',1)
insert into nhan_khau(maNhanKhau, maHoKhau, hoTen,ngaySinh,gioiTinh,tonGiao, tinhTrang, idNguoiThucHien) values ('NK299','HK85',N'Đặng Thị Mai An', '1975-03-24', N'Nữ',N'Phật giáo' , N'Đã xác nhận',1)
insert into nhan_khau(maNhanKhau, maHoKhau, hoTen,ngaySinh,gioiTinh,tonGiao, tinhTrang, idNguoiThucHien) values ('NK300','HK86',N'Nguyễn Thị Mai Hòa', '1965-08-05', N'Nữ',N'' , N'Đã xác nhận',1)
insert into nhan_khau(maNhanKhau, maHoKhau, hoTen,ngaySinh,gioiTinh,tonGiao, tinhTrang, idNguoiThucHien) values ('NK301','HK87',N'Đặng Thị Quỳnh Thành', '1970-07-21', N'Nam',N'' , N'Đã xác nhận',1)
insert into nhan_khau(maNhanKhau, maHoKhau, hoTen,ngaySinh,gioiTinh,tonGiao, tinhTrang, idNguoiThucHien) values ('NK302','HK88',N'Nguyễn Khánh Hòa', '1956-03-02', N'Nữ',N'' , N'Đã xác nhận',1)
insert into nhan_khau(maNhanKhau, maHoKhau, hoTen,ngaySinh,gioiTinh,tonGiao, tinhTrang, idNguoiThucHien) values ('NK303','HK89',N'Đặng Văn Mai Nam', '1966-04-22', N'Nữ',N'' , N'Đã xác nhận',1)
insert into nhan_khau(maNhanKhau, maHoKhau, hoTen,ngaySinh,gioiTinh,tonGiao, tinhTrang, idNguoiThucHien) values ('NK304','HK9',N'Nguyễn Văn Như An', '1979-01-17', N'Nữ',N'' , N'Đã xác nhận',1)
insert into nhan_khau(maNhanKhau, maHoKhau, hoTen,ngaySinh,gioiTinh,tonGiao, tinhTrang, idNguoiThucHien) values ('NK305','HK90',N'Trần Văn Hòa', '1968-05-20', N'Nữ',N'' , N'Đã xác nhận',1)
insert into nhan_khau(maNhanKhau, maHoKhau, hoTen,ngaySinh,gioiTinh,tonGiao, tinhTrang, idNguoiThucHien) values ('NK306','HK91',N'Nguyễn Khánh Trúc Nam', '1952-01-25', N'Nữ',N'' , N'Đã xác nhận',1)
insert into nhan_khau(maNhanKhau, maHoKhau, hoTen,ngaySinh,gioiTinh,tonGiao, tinhTrang, idNguoiThucHien) values ('NK307','HK92',N'Nguyễn Văn Trúc Hòa', '1963-01-07', N'Nữ',N'Thiên chúa giáo' , N'Đã xác nhận',1)
insert into nhan_khau(maNhanKhau, maHoKhau, hoTen,ngaySinh,gioiTinh,tonGiao, tinhTrang, idNguoiThucHien) values ('NK308','HK93',N'Nguyễn Văn Toàn', '1961-02-08', N'Nữ',N'Phật giáo' , N'Đã xác nhận',1)
insert into nhan_khau(maNhanKhau, maHoKhau, hoTen,ngaySinh,gioiTinh,tonGiao, tinhTrang, idNguoiThucHien) values ('NK309','HK94',N'Đặng Khánh Như Hòa', '1950-07-18', N'Nam',N'Thiên chúa giáo' , N'Đã xác nhận',1)
insert into nhan_khau(maNhanKhau, maHoKhau, hoTen,ngaySinh,gioiTinh,tonGiao, tinhTrang, idNguoiThucHien) values ('NK310','HK95',N'Nguyễn Thị Như Toàn', '1974-01-25', N'Nam',N'Phật giáo' , N'Đã xác nhận',1)
insert into nhan_khau(maNhanKhau, maHoKhau, hoTen,ngaySinh,gioiTinh,tonGiao, tinhTrang, idNguoiThucHien) values ('NK311','HK96',N'Đặng Văn Quỳnh Toàn', '1954-01-21', N'Nữ',N'Phật giáo' , N'Đã xác nhận',1)
insert into nhan_khau(maNhanKhau, maHoKhau, hoTen,ngaySinh,gioiTinh,tonGiao, tinhTrang, idNguoiThucHien) values ('NK312','HK97',N'Trần Thị Anh Thành', '1971-12-17', N'Nữ',N'' , N'Đã xác nhận',1)
insert into nhan_khau(maNhanKhau, maHoKhau, hoTen,ngaySinh,gioiTinh,tonGiao, tinhTrang, idNguoiThucHien) values ('NK313','HK98',N'Nguyễn Thị Mai Thành', '1975-11-23', N'Nam',N'Phật giáo' , N'Đã xác nhận',1)
insert into nhan_khau(maNhanKhau, maHoKhau, hoTen,ngaySinh,gioiTinh,tonGiao, tinhTrang, idNguoiThucHien) values ('NK314','HK99',N'Nguyễn Khánh Anh Hòa', '1955-03-13', N'Nữ',N'' , N'Đã xác nhận',1)

--tam_tru--

insert into tam_tru(maHoKhau, CCCD, hoTen, tuNgay, denNgay, lydo, tinhTrang, idNguoiThucHien)values('HK1','032472091',N'Nguyễn Thị Mai Nam','2020-04-09','2022-11-01',N'lên Hà Nội học tập', N'Chờ xác nhận',1 )
insert into tam_tru(maHoKhau, CCCD, hoTen, tuNgay, denNgay, lydo, tinhTrang, idNguoiThucHien)values('HK2','064650981',N'Trần Khánh Như Thành','2020-09-18','2022-09-18',N'chăm người thân ốm', N'Chờ xác nhận',1 )
insert into tam_tru(maHoKhau, CCCD, hoTen, tuNgay, denNgay, lydo, tinhTrang, idNguoiThucHien)values('HK3','096887436',N'Nguyễn Khánh Như An','2020-04-06','2022-01-08',N'công tác', N'Đã xác nhận',1 )
insert into tam_tru(maHoKhau, CCCD, hoTen, tuNgay, denNgay, lydo, tinhTrang, idNguoiThucHien)values('HK4','014194827',N'Nguyễn Thị An','2021-10-02','2022-09-08',N'lên Hà Nội học tập', N'Đã xác nhận',1 )
insert into tam_tru(maHoKhau, CCCD, hoTen, tuNgay, denNgay, lydo, tinhTrang, idNguoiThucHien)values('HK5','066240316',N'Trần Văn Hòa','2020-11-15','2022-09-23',N'công tác', N'Chờ xác nhận',1 )
insert into tam_tru(maHoKhau, CCCD, hoTen, tuNgay, denNgay, lydo, tinhTrang, idNguoiThucHien)values('HK6','048516802',N'Trần Thị Trúc Toàn','2020-11-27','2022-07-13',N'công tác', N'Đã xác nhận',1 )
insert into tam_tru(maHoKhau, CCCD, hoTen, tuNgay, denNgay, lydo, tinhTrang, idNguoiThucHien)values('HK7','048445680',N'Đặng Khánh Trúc Thành','2021-02-27','2022-06-11',N'chăm người thân ốm', N'Đã xác nhận',1 )
insert into tam_tru(maHoKhau, CCCD, hoTen, tuNgay, denNgay, lydo, tinhTrang, idNguoiThucHien)values('HK8','044452647',N'Lê Khánh An','2021-01-05','2022-09-22',N'chăm người thân ốm', N'Đã xác nhận',1 )
insert into tam_tru(maHoKhau, CCCD, hoTen, tuNgay, denNgay, lydo, tinhTrang, idNguoiThucHien)values('HK9','021668779',N'Lê Khánh Như Nam','2020-04-26','2022-10-22',N'công tác', N'Đã xác nhận',1 )
insert into tam_tru(maHoKhau, CCCD, hoTen, tuNgay, denNgay, lydo, tinhTrang, idNguoiThucHien)values('HK10','012499852',N'Đặng Thị Trúc Thành','2021-05-10','2022-09-16',N'chăm người thân ốm', N'Đã xác nhận',1 )
insert into tam_tru(maHoKhau, CCCD, hoTen, tuNgay, denNgay, lydo, tinhTrang, idNguoiThucHien)values('HK11','045996656',N'Lê Thị Mai An','2020-05-11','2022-08-10',N'công tác', N'Chờ xác nhận',1 )
insert into tam_tru(maHoKhau, CCCD, hoTen, tuNgay, denNgay, lydo, tinhTrang, idNguoiThucHien)values('HK12','017733658',N'Đặng Văn Như Nam','2021-02-26','2022-01-13',N'lên Hà Nội học tập', N'Chờ xác nhận',1 )
insert into tam_tru(maHoKhau, CCCD, hoTen, tuNgay, denNgay, lydo, tinhTrang, idNguoiThucHien)values('HK13','026656456',N'Trần Thị Mai Thành','2021-07-08','2022-07-01',N'chăm người thân ốm', N'Đã xác nhận',1 )
insert into tam_tru(maHoKhau, CCCD, hoTen, tuNgay, denNgay, lydo, tinhTrang, idNguoiThucHien)values('HK14','041633009',N'Đặng Khánh Mai Thành','2021-11-20','2022-06-06',N'lên Hà Nội học tập', N'Đã xác nhận',1 )
insert into tam_tru(maHoKhau, CCCD, hoTen, tuNgay, denNgay, lydo, tinhTrang, idNguoiThucHien)values('HK15','023926436',N'Đặng Khánh Anh Hòa','2020-07-06','2022-02-26',N'công tác', N'Chờ xác nhận',1 )
insert into tam_tru(maHoKhau, CCCD, hoTen, tuNgay, denNgay, lydo, tinhTrang, idNguoiThucHien)values('HK16','093487749',N'Đặng Khánh Mai An','2020-04-16','2022-12-20',N'chăm người thân ốm', N'Đã xác nhận',1 )
insert into tam_tru(maHoKhau, CCCD, hoTen, tuNgay, denNgay, lydo, tinhTrang, idNguoiThucHien)values('HK17','035699726',N'Nguyễn Thị Trúc Toàn','2020-10-22','2022-07-11',N'công tác', N'Chờ xác nhận',1 )
insert into tam_tru(maHoKhau, CCCD, hoTen, tuNgay, denNgay, lydo, tinhTrang, idNguoiThucHien)values('HK18','081948582',N'Trần Thị Như Toàn','2020-11-15','2022-05-17',N'công tác', N'Đã xác nhận',1 )
insert into tam_tru(maHoKhau, CCCD, hoTen, tuNgay, denNgay, lydo, tinhTrang, idNguoiThucHien)values('HK19','076632628',N'Đặng Khánh Mai Thành','2020-04-18','2022-12-24',N'lên Hà Nội học tập', N'Chờ xác nhận',1 )
insert into tam_tru(maHoKhau, CCCD, hoTen, tuNgay, denNgay, lydo, tinhTrang, idNguoiThucHien)values('HK20','026327495',N'Lê Khánh Như Toàn','2021-10-20','2022-08-11',N'chăm người thân ốm', N'Chờ xác nhận',1 )
insert into tam_tru(maHoKhau, CCCD, hoTen, tuNgay, denNgay, lydo, tinhTrang, idNguoiThucHien)values('HK21','012212149',N'Trần Thị Toàn','2021-06-07','2022-05-10',N'lên Hà Nội học tập', N'Chờ xác nhận',1 )
insert into tam_tru(maHoKhau, CCCD, hoTen, tuNgay, denNgay, lydo, tinhTrang, idNguoiThucHien)values('HK22','061188114',N'Nguyễn Văn Trúc An','2020-11-19','2022-08-20',N'chăm người thân ốm', N'Đã xác nhận',1 )
insert into tam_tru(maHoKhau, CCCD, hoTen, tuNgay, denNgay, lydo, tinhTrang, idNguoiThucHien)values('HK23','099474866',N'Đặng Khánh Anh An','2020-01-07','2022-07-18',N'công tác', N'Chờ xác nhận',1 )
insert into tam_tru(maHoKhau, CCCD, hoTen, tuNgay, denNgay, lydo, tinhTrang, idNguoiThucHien)values('HK24','034855476',N'Trần Văn Mai Nam','2020-10-25','2022-12-28',N'lên Hà Nội học tập', N'Đã xác nhận',1 )
insert into tam_tru(maHoKhau, CCCD, hoTen, tuNgay, denNgay, lydo, tinhTrang, idNguoiThucHien)values('HK25','026574835',N'Đặng Văn Nam','2020-08-07','2022-07-14',N'lên Hà Nội học tập', N'Chờ xác nhận',1 )
insert into tam_tru(maHoKhau, CCCD, hoTen, tuNgay, denNgay, lydo, tinhTrang, idNguoiThucHien)values('HK26','019849603',N'Lê Thị Quỳnh Toàn','2021-11-10','2022-08-16',N'công tác', N'Chờ xác nhận',1 )
insert into tam_tru(maHoKhau, CCCD, hoTen, tuNgay, denNgay, lydo, tinhTrang, idNguoiThucHien)values('HK27','039278282',N'Trần Khánh Anh Nam','2021-11-18','2022-06-11',N'lên Hà Nội học tập', N'Chờ xác nhận',1 )
insert into tam_tru(maHoKhau, CCCD, hoTen, tuNgay, denNgay, lydo, tinhTrang, idNguoiThucHien)values('HK28','029160290',N'Đặng Khánh An','2021-06-28','2022-05-02',N'công tác', N'Chờ xác nhận',1 )
insert into tam_tru(maHoKhau, CCCD, hoTen, tuNgay, denNgay, lydo, tinhTrang, idNguoiThucHien)values('HK29','059326844',N'Trần Khánh Như An','2020-11-24','2022-03-25',N'công tác', N'Đã xác nhận',1 )
insert into tam_tru(maHoKhau, CCCD, hoTen, tuNgay, denNgay, lydo, tinhTrang, idNguoiThucHien)values('HK30','094321508',N'Nguyễn Văn Trúc Hòa','2021-08-22','2022-01-23',N'chăm người thân ốm', N'Chờ xác nhận',1 )
insert into tam_tru(maHoKhau, CCCD, hoTen, tuNgay, denNgay, lydo, tinhTrang, idNguoiThucHien)values('HK31','099570025',N'Trần Khánh Thành','2021-12-27','2022-08-02',N'chăm người thân ốm', N'Đã xác nhận',1 )
insert into tam_tru(maHoKhau, CCCD, hoTen, tuNgay, denNgay, lydo, tinhTrang, idNguoiThucHien)values('HK32','096393638',N'Trần Văn Như Nam','2021-09-25','2022-05-26',N'lên Hà Nội học tập', N'Đã xác nhận',1 )
insert into tam_tru(maHoKhau, CCCD, hoTen, tuNgay, denNgay, lydo, tinhTrang, idNguoiThucHien)values('HK33','082659876',N'Nguyễn Văn Thành','2021-05-07','2022-09-17',N'lên Hà Nội học tập', N'Đã xác nhận',1 )
insert into tam_tru(maHoKhau, CCCD, hoTen, tuNgay, denNgay, lydo, tinhTrang, idNguoiThucHien)values('HK34','035957756',N'Nguyễn Khánh Như An','2021-02-28','2022-06-02',N'lên Hà Nội học tập', N'Chờ xác nhận',1 )
insert into tam_tru(maHoKhau, CCCD, hoTen, tuNgay, denNgay, lydo, tinhTrang, idNguoiThucHien)values('HK35','096115127',N'Nguyễn Thị Trúc Hòa','2020-08-05','2022-02-19',N'chăm người thân ốm', N'Đã xác nhận',1 )
insert into tam_tru(maHoKhau, CCCD, hoTen, tuNgay, denNgay, lydo, tinhTrang, idNguoiThucHien)values('HK36','093169286',N'Đặng Thị Quỳnh Toàn','2021-08-16','2022-10-28',N'công tác', N'Đã xác nhận',1 )
insert into tam_tru(maHoKhau, CCCD, hoTen, tuNgay, denNgay, lydo, tinhTrang, idNguoiThucHien)values('HK37','063311593',N'Đặng Khánh Quỳnh Toàn','2020-02-19','2022-10-03',N'lên Hà Nội học tập', N'Đã xác nhận',1 )
insert into tam_tru(maHoKhau, CCCD, hoTen, tuNgay, denNgay, lydo, tinhTrang, idNguoiThucHien)values('HK38','021337499',N'Trần Khánh Như Thành','2021-01-28','2022-01-11',N'chăm người thân ốm', N'Chờ xác nhận',1 )
insert into tam_tru(maHoKhau, CCCD, hoTen, tuNgay, denNgay, lydo, tinhTrang, idNguoiThucHien)values('HK39','099007549',N'Nguyễn Thị Mai Nam','2020-03-28','2022-10-09',N'chăm người thân ốm', N'Chờ xác nhận',1 )
insert into tam_tru(maHoKhau, CCCD, hoTen, tuNgay, denNgay, lydo, tinhTrang, idNguoiThucHien)values('HK40','091115175',N'Trần Văn Như An','2020-05-15','2022-12-04',N'lên Hà Nội học tập', N'Chờ xác nhận',1 )
insert into tam_tru(maHoKhau, CCCD, hoTen, tuNgay, denNgay, lydo, tinhTrang, idNguoiThucHien)values('HK41','030017333',N'Đặng Khánh Mai An','2020-01-10','2022-07-03',N'chăm người thân ốm', N'Chờ xác nhận',1 )
insert into tam_tru(maHoKhau, CCCD, hoTen, tuNgay, denNgay, lydo, tinhTrang, idNguoiThucHien)values('HK42','031629557',N'Trần Văn Thành','2020-03-04','2022-01-06',N'lên Hà Nội học tập', N'Chờ xác nhận',1 )
insert into tam_tru(maHoKhau, CCCD, hoTen, tuNgay, denNgay, lydo, tinhTrang, idNguoiThucHien)values('HK43','045051840',N'Đặng Khánh Anh An','2020-06-05','2022-06-11',N'công tác', N'Chờ xác nhận',1 )
insert into tam_tru(maHoKhau, CCCD, hoTen, tuNgay, denNgay, lydo, tinhTrang, idNguoiThucHien)values('HK44','058537341',N'Trần Văn Quỳnh Hòa','2021-06-03','2022-07-11',N'lên Hà Nội học tập', N'Đã xác nhận',1 )
insert into tam_tru(maHoKhau, CCCD, hoTen, tuNgay, denNgay, lydo, tinhTrang, idNguoiThucHien)values('HK45','055248446',N'Nguyễn Thị Quỳnh Hòa','2021-08-25','2022-09-03',N'lên Hà Nội học tập', N'Chờ xác nhận',1 )
insert into tam_tru(maHoKhau, CCCD, hoTen, tuNgay, denNgay, lydo, tinhTrang, idNguoiThucHien)values('HK46','055209437',N'Lê Văn Quỳnh Thành','2021-04-24','2022-05-15',N'chăm người thân ốm', N'Chờ xác nhận',1 )
insert into tam_tru(maHoKhau, CCCD, hoTen, tuNgay, denNgay, lydo, tinhTrang, idNguoiThucHien)values('HK47','057487616',N'Đặng Văn Trúc Nam','2021-11-16','2022-04-07',N'công tác', N'Chờ xác nhận',1 )
insert into tam_tru(maHoKhau, CCCD, hoTen, tuNgay, denNgay, lydo, tinhTrang, idNguoiThucHien)values('HK48','086947167',N'Đặng Văn Anh Thành','2020-10-24','2022-01-22',N'lên Hà Nội học tập', N'Chờ xác nhận',1 )
insert into tam_tru(maHoKhau, CCCD, hoTen, tuNgay, denNgay, lydo, tinhTrang, idNguoiThucHien)values('HK49','092393493',N'Trần Khánh An','2020-02-20','2022-12-01',N'công tác', N'Chờ xác nhận',1 )
insert into tam_tru(maHoKhau, CCCD, hoTen, tuNgay, denNgay, lydo, tinhTrang, idNguoiThucHien)values('HK50','011878461',N'Lê Thị An','2021-04-03','2022-01-27',N'chăm người thân ốm', N'Chờ xác nhận',1 )
insert into tam_tru(maHoKhau, CCCD, hoTen, tuNgay, denNgay, lydo, tinhTrang, idNguoiThucHien)values('HK51','090710011',N'Đặng Khánh Thành','2020-08-16','2022-09-15',N'chăm người thân ốm', N'Đã xác nhận',1 )
insert into tam_tru(maHoKhau, CCCD, hoTen, tuNgay, denNgay, lydo, tinhTrang, idNguoiThucHien)values('HK52','042266262',N'Trần Văn Anh Toàn','2020-11-20','2022-03-24',N'công tác', N'Đã xác nhận',1 )
insert into tam_tru(maHoKhau, CCCD, hoTen, tuNgay, denNgay, lydo, tinhTrang, idNguoiThucHien)values('HK53','063132436',N'Trần Khánh Thành','2021-03-20','2022-11-24',N'chăm người thân ốm', N'Chờ xác nhận',1 )
insert into tam_tru(maHoKhau, CCCD, hoTen, tuNgay, denNgay, lydo, tinhTrang, idNguoiThucHien)values('HK54','042942368',N'Đặng Thị Anh Hòa','2020-03-28','2022-02-04',N'công tác', N'Chờ xác nhận',1 )
insert into tam_tru(maHoKhau, CCCD, hoTen, tuNgay, denNgay, lydo, tinhTrang, idNguoiThucHien)values('HK55','094002734',N'Trần Thị Nam','2021-06-14','2022-03-15',N'công tác', N'Đã xác nhận',1 )
insert into tam_tru(maHoKhau, CCCD, hoTen, tuNgay, denNgay, lydo, tinhTrang, idNguoiThucHien)values('HK56','051326110',N'Lê Thị Trúc An','2021-06-04','2022-05-04',N'công tác', N'Chờ xác nhận',1 )
insert into tam_tru(maHoKhau, CCCD, hoTen, tuNgay, denNgay, lydo, tinhTrang, idNguoiThucHien)values('HK57','037280152',N'Nguyễn Thị An','2020-12-19','2022-07-03',N'lên Hà Nội học tập', N'Chờ xác nhận',1 )
insert into tam_tru(maHoKhau, CCCD, hoTen, tuNgay, denNgay, lydo, tinhTrang, idNguoiThucHien)values('HK58','062066085',N'Nguyễn Văn An','2020-08-26','2022-09-01',N'công tác', N'Đã xác nhận',1 )
insert into tam_tru(maHoKhau, CCCD, hoTen, tuNgay, denNgay, lydo, tinhTrang, idNguoiThucHien)values('HK59','070383104',N'Đặng Thị Quỳnh Nam','2021-06-27','2022-09-24',N'chăm người thân ốm', N'Đã xác nhận',1 )
insert into tam_tru(maHoKhau, CCCD, hoTen, tuNgay, denNgay, lydo, tinhTrang, idNguoiThucHien)values('HK60','081991321',N'Trần Thị Trúc Nam','2021-11-18','2022-04-04',N'lên Hà Nội học tập', N'Đã xác nhận',1 )
insert into tam_tru(maHoKhau, CCCD, hoTen, tuNgay, denNgay, lydo, tinhTrang, idNguoiThucHien)values('HK61','051053635',N'Nguyễn Thị Thành','2020-07-05','2022-06-26',N'chăm người thân ốm', N'Đã xác nhận',1 )
insert into tam_tru(maHoKhau, CCCD, hoTen, tuNgay, denNgay, lydo, tinhTrang, idNguoiThucHien)values('HK62','049257787',N'Trần Thị Quỳnh Nam','2021-04-08','2022-06-26',N'lên Hà Nội học tập', N'Đã xác nhận',1 )
insert into tam_tru(maHoKhau, CCCD, hoTen, tuNgay, denNgay, lydo, tinhTrang, idNguoiThucHien)values('HK63','074944388',N'Trần Văn Thành','2020-05-24','2022-02-03',N'lên Hà Nội học tập', N'Chờ xác nhận',1 )
insert into tam_tru(maHoKhau, CCCD, hoTen, tuNgay, denNgay, lydo, tinhTrang, idNguoiThucHien)values('HK64','080705016',N'Nguyễn Thị Trúc Hòa','2020-01-19','2022-01-12',N'công tác', N'Chờ xác nhận',1 )
insert into tam_tru(maHoKhau, CCCD, hoTen, tuNgay, denNgay, lydo, tinhTrang, idNguoiThucHien)values('HK65','012293429',N'Trần Khánh Anh Hòa','2020-09-24','2022-02-13',N'công tác', N'Đã xác nhận',1 )
insert into tam_tru(maHoKhau, CCCD, hoTen, tuNgay, denNgay, lydo, tinhTrang, idNguoiThucHien)values('HK66','071626369',N'Trần Văn Như An','2020-04-19','2022-01-23',N'công tác', N'Chờ xác nhận',1 )
insert into tam_tru(maHoKhau, CCCD, hoTen, tuNgay, denNgay, lydo, tinhTrang, idNguoiThucHien)values('HK67','091263586',N'Đặng Khánh Toàn','2020-09-01','2022-01-21',N'chăm người thân ốm', N'Đã xác nhận',1 )
insert into tam_tru(maHoKhau, CCCD, hoTen, tuNgay, denNgay, lydo, tinhTrang, idNguoiThucHien)values('HK68','027363044',N'Lê Văn Hòa','2020-07-24','2022-05-23',N'lên Hà Nội học tập', N'Đã xác nhận',1 )
insert into tam_tru(maHoKhau, CCCD, hoTen, tuNgay, denNgay, lydo, tinhTrang, idNguoiThucHien)values('HK69','090140609',N'Trần Khánh Trúc Toàn','2020-01-10','2022-09-08',N'chăm người thân ốm', N'Chờ xác nhận',1 )
insert into tam_tru(maHoKhau, CCCD, hoTen, tuNgay, denNgay, lydo, tinhTrang, idNguoiThucHien)values('HK70','049801719',N'Trần Văn Quỳnh Nam','2021-12-05','2022-08-08',N'chăm người thân ốm', N'Chờ xác nhận',1 )
insert into tam_tru(maHoKhau, CCCD, hoTen, tuNgay, denNgay, lydo, tinhTrang, idNguoiThucHien)values('HK71','086483652',N'Nguyễn Thị Quỳnh Thành','2021-12-14','2022-03-05',N'lên Hà Nội học tập', N'Đã xác nhận',1 )
insert into tam_tru(maHoKhau, CCCD, hoTen, tuNgay, denNgay, lydo, tinhTrang, idNguoiThucHien)values('HK72','021209422',N'Đặng Thị Như An','2020-07-15','2022-08-13',N'lên Hà Nội học tập', N'Đã xác nhận',1 )
insert into tam_tru(maHoKhau, CCCD, hoTen, tuNgay, denNgay, lydo, tinhTrang, idNguoiThucHien)values('HK73','062838322',N'Nguyễn Khánh Mai Toàn','2021-03-26','2022-12-04',N'lên Hà Nội học tập', N'Đã xác nhận',1 )
insert into tam_tru(maHoKhau, CCCD, hoTen, tuNgay, denNgay, lydo, tinhTrang, idNguoiThucHien)values('HK74','083740881',N'Trần Văn Thành','2020-01-21','2022-11-04',N'lên Hà Nội học tập', N'Chờ xác nhận',1 )
insert into tam_tru(maHoKhau, CCCD, hoTen, tuNgay, denNgay, lydo, tinhTrang, idNguoiThucHien)values('HK75','022700235',N'Lê Khánh Hòa','2020-02-21','2022-04-19',N'lên Hà Nội học tập', N'Đã xác nhận',1 )
insert into tam_tru(maHoKhau, CCCD, hoTen, tuNgay, denNgay, lydo, tinhTrang, idNguoiThucHien)values('HK76','049615128',N'Lê Khánh Quỳnh An','2021-03-09','2022-04-06',N'chăm người thân ốm', N'Đã xác nhận',1 )
insert into tam_tru(maHoKhau, CCCD, hoTen, tuNgay, denNgay, lydo, tinhTrang, idNguoiThucHien)values('HK77','061670349',N'Đặng Thị Trúc Hòa','2021-07-18','2022-04-15',N'lên Hà Nội học tập', N'Chờ xác nhận',1 )
insert into tam_tru(maHoKhau, CCCD, hoTen, tuNgay, denNgay, lydo, tinhTrang, idNguoiThucHien)values('HK78','076034132',N'Trần Khánh Mai Thành','2020-01-27','2022-10-26',N'công tác', N'Chờ xác nhận',1 )
insert into tam_tru(maHoKhau, CCCD, hoTen, tuNgay, denNgay, lydo, tinhTrang, idNguoiThucHien)values('HK79','071658910',N'Trần Thị Thành','2020-07-08','2022-03-03',N'công tác', N'Đã xác nhận',1 )
insert into tam_tru(maHoKhau, CCCD, hoTen, tuNgay, denNgay, lydo, tinhTrang, idNguoiThucHien)values('HK80','066908378',N'Đặng Khánh An','2020-05-19','2022-03-02',N'công tác', N'Chờ xác nhận',1 )
insert into tam_tru(maHoKhau, CCCD, hoTen, tuNgay, denNgay, lydo, tinhTrang, idNguoiThucHien)values('HK81','049249204',N'Đặng Khánh Trúc Toàn','2021-12-21','2022-02-20',N'chăm người thân ốm', N'Chờ xác nhận',1 )
insert into tam_tru(maHoKhau, CCCD, hoTen, tuNgay, denNgay, lydo, tinhTrang, idNguoiThucHien)values('HK82','098477612',N'Đặng Khánh Mai An','2020-02-01','2022-04-10',N'công tác', N'Đã xác nhận',1 )
insert into tam_tru(maHoKhau, CCCD, hoTen, tuNgay, denNgay, lydo, tinhTrang, idNguoiThucHien)values('HK83','097230329',N'Nguyễn Khánh Anh Thành','2020-10-22','2022-09-07',N'lên Hà Nội học tập', N'Đã xác nhận',1 )
insert into tam_tru(maHoKhau, CCCD, hoTen, tuNgay, denNgay, lydo, tinhTrang, idNguoiThucHien)values('HK84','066401605',N'Đặng Khánh Mai Hòa','2020-10-26','2022-04-17',N'công tác', N'Đã xác nhận',1 )
insert into tam_tru(maHoKhau, CCCD, hoTen, tuNgay, denNgay, lydo, tinhTrang, idNguoiThucHien)values('HK85','043317755',N'Đặng Khánh Anh Nam','2020-08-09','2022-09-07',N'lên Hà Nội học tập', N'Đã xác nhận',1 )
insert into tam_tru(maHoKhau, CCCD, hoTen, tuNgay, denNgay, lydo, tinhTrang, idNguoiThucHien)values('HK86','052317164',N'Đặng Khánh Quỳnh Hòa','2020-06-11','2022-01-26',N'chăm người thân ốm', N'Chờ xác nhận',1 )
insert into tam_tru(maHoKhau, CCCD, hoTen, tuNgay, denNgay, lydo, tinhTrang, idNguoiThucHien)values('HK87','052178040',N'Trần Thị Quỳnh Toàn','2020-07-18','2022-07-16',N'lên Hà Nội học tập', N'Chờ xác nhận',1 )
insert into tam_tru(maHoKhau, CCCD, hoTen, tuNgay, denNgay, lydo, tinhTrang, idNguoiThucHien)values('HK88','034305823',N'Trần Văn Anh Hòa','2020-04-16','2022-10-08',N'chăm người thân ốm', N'Đã xác nhận',1 )
insert into tam_tru(maHoKhau, CCCD, hoTen, tuNgay, denNgay, lydo, tinhTrang, idNguoiThucHien)values('HK89','031118636',N'Đặng Văn Như Thành','2021-04-24','2022-09-28',N'chăm người thân ốm', N'Đã xác nhận',1 )
insert into tam_tru(maHoKhau, CCCD, hoTen, tuNgay, denNgay, lydo, tinhTrang, idNguoiThucHien)values('HK90','028966277',N'Nguyễn Văn Mai Thành','2020-05-16','2022-07-09',N'chăm người thân ốm', N'Chờ xác nhận',1 )
insert into tam_tru(maHoKhau, CCCD, hoTen, tuNgay, denNgay, lydo, tinhTrang, idNguoiThucHien)values('HK91','057772286',N'Đặng Thị Như An','2020-07-28','2022-09-03',N'công tác', N'Chờ xác nhận',1 )
insert into tam_tru(maHoKhau, CCCD, hoTen, tuNgay, denNgay, lydo, tinhTrang, idNguoiThucHien)values('HK92','045551696',N'Trần Khánh Như Hòa','2020-10-28','2022-08-02',N'lên Hà Nội học tập', N'Đã xác nhận',1 )
insert into tam_tru(maHoKhau, CCCD, hoTen, tuNgay, denNgay, lydo, tinhTrang, idNguoiThucHien)values('HK93','075206925',N'Lê Văn Nam','2020-11-09','2022-03-17',N'chăm người thân ốm', N'Chờ xác nhận',1 )
insert into tam_tru(maHoKhau, CCCD, hoTen, tuNgay, denNgay, lydo, tinhTrang, idNguoiThucHien)values('HK94','099139226',N'Lê Khánh An','2021-04-28','2022-10-28',N'lên Hà Nội học tập', N'Đã xác nhận',1 )
insert into tam_tru(maHoKhau, CCCD, hoTen, tuNgay, denNgay, lydo, tinhTrang, idNguoiThucHien)values('HK95','093447296',N'Lê Khánh Mai Toàn','2021-05-12','2022-01-08',N'công tác', N'Chờ xác nhận',1 )
insert into tam_tru(maHoKhau, CCCD, hoTen, tuNgay, denNgay, lydo, tinhTrang, idNguoiThucHien)values('HK96','085214987',N'Đặng Văn Trúc Hòa','2021-02-12','2022-02-28',N'lên Hà Nội học tập', N'Đã xác nhận',1 )
insert into tam_tru(maHoKhau, CCCD, hoTen, tuNgay, denNgay, lydo, tinhTrang, idNguoiThucHien)values('HK97','047270653',N'Trần Văn Thành','2021-03-18','2022-04-27',N'công tác', N'Chờ xác nhận',1 )
insert into tam_tru(maHoKhau, CCCD, hoTen, tuNgay, denNgay, lydo, tinhTrang, idNguoiThucHien)values('HK98','050522359',N'Trần Văn Nam','2021-05-24','2022-06-26',N'chăm người thân ốm', N'Chờ xác nhận',1 )
insert into tam_tru(maHoKhau, CCCD, hoTen, tuNgay, denNgay, lydo, tinhTrang, idNguoiThucHien)values('HK99','084325541',N'Trần Văn Như Toàn','2021-01-09','2022-11-04',N'lên Hà Nội học tập', N'Chờ xác nhận',1 )
insert into tam_tru(maHoKhau, CCCD, hoTen, tuNgay, denNgay, lydo, tinhTrang, idNguoiThucHien)values('HK100','018314220',N'Đặng Thị Hòa','2020-12-19','2022-10-09',N'lên Hà Nội học tập', N'Đã xác nhận',1 )
insert into tam_tru(maHoKhau, CCCD, hoTen, tuNgay, denNgay, lydo, tinhTrang, idNguoiThucHien)values('HK101','072839846',N'Trần Văn Anh Hòa','2021-07-15','2022-07-13',N'lên Hà Nội học tập', N'Đã xác nhận',1 )
insert into tam_tru(maHoKhau, CCCD, hoTen, tuNgay, denNgay, lydo, tinhTrang, idNguoiThucHien)values('HK102','080225046',N'Trần Văn Anh Toàn','2020-11-15','2022-03-01',N'lên Hà Nội học tập', N'Chờ xác nhận',1 )
insert into tam_tru(maHoKhau, CCCD, hoTen, tuNgay, denNgay, lydo, tinhTrang, idNguoiThucHien)values('HK103','033305267',N'Trần Văn Nam','2020-02-17','2022-11-03',N'công tác', N'Đã xác nhận',1 )
insert into tam_tru(maHoKhau, CCCD, hoTen, tuNgay, denNgay, lydo, tinhTrang, idNguoiThucHien)values('HK104','069552896',N'Đặng Thị Như Thành','2021-05-16','2022-11-06',N'lên Hà Nội học tập', N'Chờ xác nhận',1 )
insert into tam_tru(maHoKhau, CCCD, hoTen, tuNgay, denNgay, lydo, tinhTrang, idNguoiThucHien)values('HK105','029657234',N'Lê Văn Trúc Nam','2021-08-21','2022-04-14',N'lên Hà Nội học tập', N'Đã xác nhận',1 )
insert into tam_tru(maHoKhau, CCCD, hoTen, tuNgay, denNgay, lydo, tinhTrang, idNguoiThucHien)values('HK106','072150040',N'Nguyễn Thị Toàn','2020-03-01','2022-07-01',N'chăm người thân ốm', N'Chờ xác nhận',1 )
insert into tam_tru(maHoKhau, CCCD, hoTen, tuNgay, denNgay, lydo, tinhTrang, idNguoiThucHien)values('HK107','061356418',N'Nguyễn Khánh Quỳnh Hòa','2021-08-12','2022-06-18',N'chăm người thân ốm', N'Chờ xác nhận',1 )
insert into tam_tru(maHoKhau, CCCD, hoTen, tuNgay, denNgay, lydo, tinhTrang, idNguoiThucHien)values('HK108','027743634',N'Nguyễn Thị Quỳnh Nam','2020-05-24','2022-10-27',N'chăm người thân ốm', N'Đã xác nhận',1 )
insert into tam_tru(maHoKhau, CCCD, hoTen, tuNgay, denNgay, lydo, tinhTrang, idNguoiThucHien)values('HK109','023856254',N'Đặng Văn Anh Thành','2020-07-13','2022-11-15',N'chăm người thân ốm', N'Chờ xác nhận',1 )
insert into tam_tru(maHoKhau, CCCD, hoTen, tuNgay, denNgay, lydo, tinhTrang, idNguoiThucHien)values('HK110','073796880',N'Lê Thị Mai Thành','2020-10-18','2022-05-01',N'chăm người thân ốm', N'Chờ xác nhận',1 )
insert into tam_tru(maHoKhau, CCCD, hoTen, tuNgay, denNgay, lydo, tinhTrang, idNguoiThucHien)values('HK111','036124963',N'Nguyễn Văn An','2021-09-09','2022-03-09',N'chăm người thân ốm', N'Chờ xác nhận',1 )
insert into tam_tru(maHoKhau, CCCD, hoTen, tuNgay, denNgay, lydo, tinhTrang, idNguoiThucHien)values('HK112','010486595',N'Trần Văn Quỳnh Toàn','2020-11-18','2022-08-27',N'chăm người thân ốm', N'Chờ xác nhận',1 )
insert into tam_tru(maHoKhau, CCCD, hoTen, tuNgay, denNgay, lydo, tinhTrang, idNguoiThucHien)values('HK113','061914220',N'Lê Văn Toàn','2020-11-28','2022-02-16',N'lên Hà Nội học tập', N'Chờ xác nhận',1 )
insert into tam_tru(maHoKhau, CCCD, hoTen, tuNgay, denNgay, lydo, tinhTrang, idNguoiThucHien)values('HK114','034878506',N'Trần Khánh Quỳnh Hòa','2020-02-27','2022-09-17',N'lên Hà Nội học tập', N'Chờ xác nhận',1 )
insert into tam_tru(maHoKhau, CCCD, hoTen, tuNgay, denNgay, lydo, tinhTrang, idNguoiThucHien)values('HK115','010262591',N'Trần Văn Trúc Thành','2020-07-24','2022-10-19',N'chăm người thân ốm', N'Chờ xác nhận',1 )
insert into tam_tru(maHoKhau, CCCD, hoTen, tuNgay, denNgay, lydo, tinhTrang, idNguoiThucHien)values('HK116','059282092',N'Nguyễn Văn Mai Hòa','2020-12-15','2022-11-02',N'lên Hà Nội học tập', N'Đã xác nhận',1 )
insert into tam_tru(maHoKhau, CCCD, hoTen, tuNgay, denNgay, lydo, tinhTrang, idNguoiThucHien)values('HK117','049087344',N'Lê Khánh Thành','2020-01-13','2022-02-06',N'chăm người thân ốm', N'Chờ xác nhận',1 )
insert into tam_tru(maHoKhau, CCCD, hoTen, tuNgay, denNgay, lydo, tinhTrang, idNguoiThucHien)values('HK118','094000877',N'Trần Thị Anh An','2021-05-19','2022-12-01',N'chăm người thân ốm', N'Đã xác nhận',1 )
insert into tam_tru(maHoKhau, CCCD, hoTen, tuNgay, denNgay, lydo, tinhTrang, idNguoiThucHien)values('HK119','022457022',N'Trần Khánh Mai An','2021-12-26','2022-05-23',N'chăm người thân ốm', N'Đã xác nhận',1 )
insert into tam_tru(maHoKhau, CCCD, hoTen, tuNgay, denNgay, lydo, tinhTrang, idNguoiThucHien)values('HK120','082776220',N'Đặng Khánh Hòa','2020-11-21','2022-08-24',N'chăm người thân ốm', N'Đã xác nhận',1 )
insert into tam_tru(maHoKhau, CCCD, hoTen, tuNgay, denNgay, lydo, tinhTrang, idNguoiThucHien)values('HK121','055616238',N'Nguyễn Văn Toàn','2020-05-15','2022-07-24',N'lên Hà Nội học tập', N'Đã xác nhận',1 )
insert into tam_tru(maHoKhau, CCCD, hoTen, tuNgay, denNgay, lydo, tinhTrang, idNguoiThucHien)values('HK122','067287908',N'Trần Thị Thành','2021-01-03','2022-03-06',N'công tác', N'Chờ xác nhận',1 )
insert into tam_tru(maHoKhau, CCCD, hoTen, tuNgay, denNgay, lydo, tinhTrang, idNguoiThucHien)values('HK123','010894209',N'Trần Thị Trúc Hòa','2021-12-27','2022-11-28',N'lên Hà Nội học tập', N'Đã xác nhận',1 )
insert into tam_tru(maHoKhau, CCCD, hoTen, tuNgay, denNgay, lydo, tinhTrang, idNguoiThucHien)values('HK124','058477442',N'Nguyễn Khánh Mai An','2020-07-03','2022-07-10',N'công tác', N'Đã xác nhận',1 )
insert into tam_tru(maHoKhau, CCCD, hoTen, tuNgay, denNgay, lydo, tinhTrang, idNguoiThucHien)values('HK125','037012242',N'Lê Khánh Hòa','2021-11-18','2022-04-26',N'công tác', N'Chờ xác nhận',1 )
insert into tam_tru(maHoKhau, CCCD, hoTen, tuNgay, denNgay, lydo, tinhTrang, idNguoiThucHien)values('HK126','061093059',N'Trần Thị An','2020-08-03','2022-06-12',N'lên Hà Nội học tập', N'Đã xác nhận',1 )
insert into tam_tru(maHoKhau, CCCD, hoTen, tuNgay, denNgay, lydo, tinhTrang, idNguoiThucHien)values('HK127','069403389',N'Trần Văn Mai Toàn','2021-07-17','2022-09-03',N'chăm người thân ốm', N'Đã xác nhận',1 )
insert into tam_tru(maHoKhau, CCCD, hoTen, tuNgay, denNgay, lydo, tinhTrang, idNguoiThucHien)values('HK128','052101979',N'Đặng Thị Anh Hòa','2020-06-26','2022-10-19',N'lên Hà Nội học tập', N'Chờ xác nhận',1 )
insert into tam_tru(maHoKhau, CCCD, hoTen, tuNgay, denNgay, lydo, tinhTrang, idNguoiThucHien)values('HK129','024303376',N'Đặng Văn Hòa','2020-02-21','2022-01-12',N'chăm người thân ốm', N'Đã xác nhận',1 )
insert into tam_tru(maHoKhau, CCCD, hoTen, tuNgay, denNgay, lydo, tinhTrang, idNguoiThucHien)values('HK130','070424878',N'Trần Khánh Như An','2021-07-21','2022-08-13',N'công tác', N'Đã xác nhận',1 )
insert into tam_tru(maHoKhau, CCCD, hoTen, tuNgay, denNgay, lydo, tinhTrang, idNguoiThucHien)values('HK131','086228306',N'Trần Khánh Quỳnh Hòa','2020-04-22','2022-12-04',N'chăm người thân ốm', N'Đã xác nhận',1 )
insert into tam_tru(maHoKhau, CCCD, hoTen, tuNgay, denNgay, lydo, tinhTrang, idNguoiThucHien)values('HK132','045632818',N'Nguyễn Thị Anh An','2020-09-03','2022-11-23',N'công tác', N'Đã xác nhận',1 )
insert into tam_tru(maHoKhau, CCCD, hoTen, tuNgay, denNgay, lydo, tinhTrang, idNguoiThucHien)values('HK133','060788673',N'Trần Thị Trúc Toàn','2020-04-23','2022-01-17',N'chăm người thân ốm', N'Chờ xác nhận',1 )
insert into tam_tru(maHoKhau, CCCD, hoTen, tuNgay, denNgay, lydo, tinhTrang, idNguoiThucHien)values('HK134','079352437',N'Nguyễn Khánh Trúc Nam','2021-01-16','2022-09-15',N'công tác', N'Đã xác nhận',1 )
insert into tam_tru(maHoKhau, CCCD, hoTen, tuNgay, denNgay, lydo, tinhTrang, idNguoiThucHien)values('HK135','096006064',N'Lê Văn Trúc Toàn','2021-12-18','2022-07-09',N'chăm người thân ốm', N'Chờ xác nhận',1 )
insert into tam_tru(maHoKhau, CCCD, hoTen, tuNgay, denNgay, lydo, tinhTrang, idNguoiThucHien)values('HK136','015097928',N'Nguyễn Khánh Quỳnh Hòa','2021-11-16','2022-04-21',N'lên Hà Nội học tập', N'Chờ xác nhận',1 )
insert into tam_tru(maHoKhau, CCCD, hoTen, tuNgay, denNgay, lydo, tinhTrang, idNguoiThucHien)values('HK137','091419225',N'Trần Khánh Thành','2020-02-02','2022-04-26',N'công tác', N'Đã xác nhận',1 )
insert into tam_tru(maHoKhau, CCCD, hoTen, tuNgay, denNgay, lydo, tinhTrang, idNguoiThucHien)values('HK138','026289844',N'Nguyễn Văn Quỳnh Thành','2021-10-08','2022-03-23',N'công tác', N'Đã xác nhận',1 )
insert into tam_tru(maHoKhau, CCCD, hoTen, tuNgay, denNgay, lydo, tinhTrang, idNguoiThucHien)values('HK139','055620248',N'Nguyễn Khánh Quỳnh Thành','2021-01-05','2022-11-03',N'công tác', N'Chờ xác nhận',1 )
insert into tam_tru(maHoKhau, CCCD, hoTen, tuNgay, denNgay, lydo, tinhTrang, idNguoiThucHien)values('HK140','076835265',N'Lê Thị Mai Thành','2021-03-13','2022-07-01',N'chăm người thân ốm', N'Đã xác nhận',1 )
insert into tam_tru(maHoKhau, CCCD, hoTen, tuNgay, denNgay, lydo, tinhTrang, idNguoiThucHien)values('HK141','066181602',N'Đặng Thị Mai Thành','2021-04-03','2022-03-18',N'công tác', N'Chờ xác nhận',1 )
insert into tam_tru(maHoKhau, CCCD, hoTen, tuNgay, denNgay, lydo, tinhTrang, idNguoiThucHien)values('HK142','097899989',N'Nguyễn Khánh Mai Hòa','2021-05-11','2022-05-26',N'chăm người thân ốm', N'Chờ xác nhận',1 )
insert into tam_tru(maHoKhau, CCCD, hoTen, tuNgay, denNgay, lydo, tinhTrang, idNguoiThucHien)values('HK143','025965363',N'Trần Khánh Mai Toàn','2020-05-14','2022-12-18',N'chăm người thân ốm', N'Chờ xác nhận',1 )
insert into tam_tru(maHoKhau, CCCD, hoTen, tuNgay, denNgay, lydo, tinhTrang, idNguoiThucHien)values('HK144','084266501',N'Đặng Văn An','2020-06-08','2022-05-02',N'công tác', N'Chờ xác nhận',1 )
insert into tam_tru(maHoKhau, CCCD, hoTen, tuNgay, denNgay, lydo, tinhTrang, idNguoiThucHien)values('HK145','074791134',N'Trần Thị Trúc An','2020-05-14','2022-03-02',N'lên Hà Nội học tập', N'Đã xác nhận',1 )
insert into tam_tru(maHoKhau, CCCD, hoTen, tuNgay, denNgay, lydo, tinhTrang, idNguoiThucHien)values('HK146','063402032',N'Trần Thị Anh Nam','2020-09-16','2022-11-06',N'chăm người thân ốm', N'Đã xác nhận',1 )
insert into tam_tru(maHoKhau, CCCD, hoTen, tuNgay, denNgay, lydo, tinhTrang, idNguoiThucHien)values('HK147','024409078',N'Lê Thị Toàn','2021-01-10','2022-12-28',N'chăm người thân ốm', N'Đã xác nhận',1 )
insert into tam_tru(maHoKhau, CCCD, hoTen, tuNgay, denNgay, lydo, tinhTrang, idNguoiThucHien)values('HK148','092606412',N'Trần Văn Quỳnh Hòa','2020-02-14','2022-03-11',N'lên Hà Nội học tập', N'Đã xác nhận',1 )
insert into tam_tru(maHoKhau, CCCD, hoTen, tuNgay, denNgay, lydo, tinhTrang, idNguoiThucHien)values('HK149','085972113',N'Trần Khánh Trúc Toàn','2021-11-12','2022-08-26',N'công tác', N'Đã xác nhận',1 )
insert into tam_tru(maHoKhau, CCCD, hoTen, tuNgay, denNgay, lydo, tinhTrang, idNguoiThucHien)values('HK150','081546317',N'Nguyễn Thị Thành','2021-03-21','2022-10-08',N'công tác', N'Đã xác nhận',1 )
insert into tam_tru(maHoKhau, CCCD, hoTen, tuNgay, denNgay, lydo, tinhTrang, idNguoiThucHien)values('HK151','036328601',N'Nguyễn Khánh Trúc Nam','2020-05-14','2022-11-07',N'lên Hà Nội học tập', N'Chờ xác nhận',1 )
insert into tam_tru(maHoKhau, CCCD, hoTen, tuNgay, denNgay, lydo, tinhTrang, idNguoiThucHien)values('HK152','045982484',N'Trần Văn Mai Nam','2021-06-23','2022-04-13',N'lên Hà Nội học tập', N'Đã xác nhận',1 )
insert into tam_tru(maHoKhau, CCCD, hoTen, tuNgay, denNgay, lydo, tinhTrang, idNguoiThucHien)values('HK153','070104300',N'Trần Thị Anh Thành','2020-09-26','2022-06-27',N'lên Hà Nội học tập', N'Chờ xác nhận',1 )
insert into tam_tru(maHoKhau, CCCD, hoTen, tuNgay, denNgay, lydo, tinhTrang, idNguoiThucHien)values('HK154','044989147',N'Đặng Thị Quỳnh Nam','2020-05-22','2022-01-15',N'lên Hà Nội học tập', N'Đã xác nhận',1 )
insert into tam_tru(maHoKhau, CCCD, hoTen, tuNgay, denNgay, lydo, tinhTrang, idNguoiThucHien)values('HK155','022914575',N'Lê Thị Nam','2020-05-26','2022-02-06',N'chăm người thân ốm', N'Chờ xác nhận',1 )
insert into tam_tru(maHoKhau, CCCD, hoTen, tuNgay, denNgay, lydo, tinhTrang, idNguoiThucHien)values('HK156','031756960',N'Đặng Thị Quỳnh Nam','2021-02-11','2022-03-17',N'công tác', N'Chờ xác nhận',1 )
insert into tam_tru(maHoKhau, CCCD, hoTen, tuNgay, denNgay, lydo, tinhTrang, idNguoiThucHien)values('HK157','040662498',N'Trần Văn Toàn','2021-04-06','2022-06-22',N'chăm người thân ốm', N'Đã xác nhận',1 )
insert into tam_tru(maHoKhau, CCCD, hoTen, tuNgay, denNgay, lydo, tinhTrang, idNguoiThucHien)values('HK158','041481049',N'Nguyễn Thị Hòa','2020-08-12','2022-09-27',N'công tác', N'Chờ xác nhận',1 )
insert into tam_tru(maHoKhau, CCCD, hoTen, tuNgay, denNgay, lydo, tinhTrang, idNguoiThucHien)values('HK159','027236964',N'Trần Thị Quỳnh Thành','2020-08-28','2022-01-23',N'công tác', N'Đã xác nhận',1 )
insert into tam_tru(maHoKhau, CCCD, hoTen, tuNgay, denNgay, lydo, tinhTrang, idNguoiThucHien)values('HK160','059860463',N'Nguyễn Văn Quỳnh An','2020-07-21','2022-08-10',N'công tác', N'Đã xác nhận',1 )
insert into tam_tru(maHoKhau, CCCD, hoTen, tuNgay, denNgay, lydo, tinhTrang, idNguoiThucHien)values('HK161','013886899',N'Nguyễn Văn Trúc Thành','2021-12-04','2022-10-15',N'chăm người thân ốm', N'Đã xác nhận',1 )
insert into tam_tru(maHoKhau, CCCD, hoTen, tuNgay, denNgay, lydo, tinhTrang, idNguoiThucHien)values('HK162','058283916',N'Nguyễn Thị Mai Thành','2020-10-17','2022-05-13',N'lên Hà Nội học tập', N'Chờ xác nhận',1 )
insert into tam_tru(maHoKhau, CCCD, hoTen, tuNgay, denNgay, lydo, tinhTrang, idNguoiThucHien)values('HK163','041726301',N'Lê Văn Nam','2020-05-18','2022-10-15',N'công tác', N'Đã xác nhận',1 )
insert into tam_tru(maHoKhau, CCCD, hoTen, tuNgay, denNgay, lydo, tinhTrang, idNguoiThucHien)values('HK164','049999195',N'Trần Văn Hòa','2020-09-16','2022-01-02',N'lên Hà Nội học tập', N'Đã xác nhận',1 )
insert into tam_tru(maHoKhau, CCCD, hoTen, tuNgay, denNgay, lydo, tinhTrang, idNguoiThucHien)values('HK165','042158215',N'Nguyễn Văn Toàn','2021-09-23','2022-10-17',N'công tác', N'Đã xác nhận',1 )
insert into tam_tru(maHoKhau, CCCD, hoTen, tuNgay, denNgay, lydo, tinhTrang, idNguoiThucHien)values('HK166','032780674',N'Trần Văn Mai Nam','2020-04-12','2022-03-11',N'lên Hà Nội học tập', N'Chờ xác nhận',1 )
insert into tam_tru(maHoKhau, CCCD, hoTen, tuNgay, denNgay, lydo, tinhTrang, idNguoiThucHien)values('HK167','041668334',N'Đặng Khánh Anh Nam','2021-07-16','2022-12-22',N'chăm người thân ốm', N'Chờ xác nhận',1 )
insert into tam_tru(maHoKhau, CCCD, hoTen, tuNgay, denNgay, lydo, tinhTrang, idNguoiThucHien)values('HK168','088594179',N'Trần Khánh Quỳnh An','2020-02-22','2022-01-18',N'chăm người thân ốm', N'Đã xác nhận',1 )
insert into tam_tru(maHoKhau, CCCD, hoTen, tuNgay, denNgay, lydo, tinhTrang, idNguoiThucHien)values('HK169','052773313',N'Nguyễn Khánh Trúc Nam','2021-03-28','2022-01-26',N'chăm người thân ốm', N'Đã xác nhận',1 )
insert into tam_tru(maHoKhau, CCCD, hoTen, tuNgay, denNgay, lydo, tinhTrang, idNguoiThucHien)values('HK170','052614909',N'Trần Thị Trúc Thành','2020-10-17','2022-11-10',N'chăm người thân ốm', N'Chờ xác nhận',1 )
insert into tam_tru(maHoKhau, CCCD, hoTen, tuNgay, denNgay, lydo, tinhTrang, idNguoiThucHien)values('HK171','079914148',N'Lê Khánh Trúc An','2021-11-20','2022-01-12',N'lên Hà Nội học tập', N'Chờ xác nhận',1 )
insert into tam_tru(maHoKhau, CCCD, hoTen, tuNgay, denNgay, lydo, tinhTrang, idNguoiThucHien)values('HK172','051560555',N'Lê Văn Toàn','2021-11-17','2022-04-12',N'công tác', N'Chờ xác nhận',1 )
insert into tam_tru(maHoKhau, CCCD, hoTen, tuNgay, denNgay, lydo, tinhTrang, idNguoiThucHien)values('HK173','075371384',N'Trần Văn Trúc Hòa','2021-06-05','2022-01-25',N'chăm người thân ốm', N'Đã xác nhận',1 )
insert into tam_tru(maHoKhau, CCCD, hoTen, tuNgay, denNgay, lydo, tinhTrang, idNguoiThucHien)values('HK174','033467758',N'Đặng Khánh Hòa','2020-02-05','2022-12-28',N'công tác', N'Chờ xác nhận',1 )
insert into tam_tru(maHoKhau, CCCD, hoTen, tuNgay, denNgay, lydo, tinhTrang, idNguoiThucHien)values('HK175','078823333',N'Lê Thị Như Hòa','2021-04-17','2022-05-16',N'lên Hà Nội học tập', N'Đã xác nhận',1 )
insert into tam_tru(maHoKhau, CCCD, hoTen, tuNgay, denNgay, lydo, tinhTrang, idNguoiThucHien)values('HK176','086616537',N'Lê Thị Thành','2021-01-02','2022-09-18',N'lên Hà Nội học tập', N'Đã xác nhận',1 )
insert into tam_tru(maHoKhau, CCCD, hoTen, tuNgay, denNgay, lydo, tinhTrang, idNguoiThucHien)values('HK177','014418340',N'Lê Văn Anh Thành','2021-08-25','2022-11-12',N'lên Hà Nội học tập', N'Đã xác nhận',1 )
insert into tam_tru(maHoKhau, CCCD, hoTen, tuNgay, denNgay, lydo, tinhTrang, idNguoiThucHien)values('HK178','010257529',N'Nguyễn Văn Quỳnh Nam','2020-11-26','2022-10-02',N'lên Hà Nội học tập', N'Chờ xác nhận',1 )
insert into tam_tru(maHoKhau, CCCD, hoTen, tuNgay, denNgay, lydo, tinhTrang, idNguoiThucHien)values('HK179','035374319',N'Nguyễn Khánh Quỳnh Toàn','2020-07-02','2022-03-06',N'công tác', N'Chờ xác nhận',1 )
insert into tam_tru(maHoKhau, CCCD, hoTen, tuNgay, denNgay, lydo, tinhTrang, idNguoiThucHien)values('HK180','082655937',N'Đặng Khánh Như Hòa','2020-07-05','2022-01-05',N'công tác', N'Đã xác nhận',1 )
insert into tam_tru(maHoKhau, CCCD, hoTen, tuNgay, denNgay, lydo, tinhTrang, idNguoiThucHien)values('HK181','096915520',N'Lê Khánh Mai Hòa','2021-05-19','2022-10-16',N'chăm người thân ốm', N'Đã xác nhận',1 )
insert into tam_tru(maHoKhau, CCCD, hoTen, tuNgay, denNgay, lydo, tinhTrang, idNguoiThucHien)values('HK182','027076536',N'Lê Thị Hòa','2021-07-03','2022-02-17',N'chăm người thân ốm', N'Chờ xác nhận',1 )
insert into tam_tru(maHoKhau, CCCD, hoTen, tuNgay, denNgay, lydo, tinhTrang, idNguoiThucHien)values('HK183','092095029',N'Lê Văn Quỳnh Toàn','2020-05-19','2022-05-18',N'lên Hà Nội học tập', N'Chờ xác nhận',1 )
insert into tam_tru(maHoKhau, CCCD, hoTen, tuNgay, denNgay, lydo, tinhTrang, idNguoiThucHien)values('HK184','079563508',N'Trần Văn Thành','2021-02-12','2022-10-03',N'công tác', N'Đã xác nhận',1 )
insert into tam_tru(maHoKhau, CCCD, hoTen, tuNgay, denNgay, lydo, tinhTrang, idNguoiThucHien)values('HK185','093259898',N'Lê Thị Toàn','2020-08-04','2022-03-28',N'lên Hà Nội học tập', N'Đã xác nhận',1 )
insert into tam_tru(maHoKhau, CCCD, hoTen, tuNgay, denNgay, lydo, tinhTrang, idNguoiThucHien)values('HK186','084193509',N'Lê Thị Anh Hòa','2020-07-10','2022-05-12',N'công tác', N'Chờ xác nhận',1 )
insert into tam_tru(maHoKhau, CCCD, hoTen, tuNgay, denNgay, lydo, tinhTrang, idNguoiThucHien)values('HK187','083392209',N'Đặng Khánh Như Toàn','2021-03-17','2022-11-20',N'công tác', N'Chờ xác nhận',1 )
insert into tam_tru(maHoKhau, CCCD, hoTen, tuNgay, denNgay, lydo, tinhTrang, idNguoiThucHien)values('HK188','022294065',N'Nguyễn Khánh Như Nam','2020-12-28','2022-03-02',N'lên Hà Nội học tập', N'Đã xác nhận',1 )
insert into tam_tru(maHoKhau, CCCD, hoTen, tuNgay, denNgay, lydo, tinhTrang, idNguoiThucHien)values('HK189','011579493',N'Nguyễn Khánh Mai Nam','2020-05-17','2022-12-05',N'chăm người thân ốm', N'Đã xác nhận',1 )
insert into tam_tru(maHoKhau, CCCD, hoTen, tuNgay, denNgay, lydo, tinhTrang, idNguoiThucHien)values('HK190','040437576',N'Lê Khánh Như Thành','2021-11-19','2022-10-03',N'chăm người thân ốm', N'Chờ xác nhận',1 )
insert into tam_tru(maHoKhau, CCCD, hoTen, tuNgay, denNgay, lydo, tinhTrang, idNguoiThucHien)values('HK191','074454369',N'Nguyễn Khánh Anh Toàn','2021-07-05','2022-05-28',N'chăm người thân ốm', N'Chờ xác nhận',1 )
insert into tam_tru(maHoKhau, CCCD, hoTen, tuNgay, denNgay, lydo, tinhTrang, idNguoiThucHien)values('HK192','011617761',N'Trần Văn Nam','2020-12-04','2022-02-28',N'lên Hà Nội học tập', N'Đã xác nhận',1 )
insert into tam_tru(maHoKhau, CCCD, hoTen, tuNgay, denNgay, lydo, tinhTrang, idNguoiThucHien)values('HK193','088859686',N'Đặng Khánh Như Hòa','2020-09-17','2022-02-14',N'công tác', N'Chờ xác nhận',1 )
insert into tam_tru(maHoKhau, CCCD, hoTen, tuNgay, denNgay, lydo, tinhTrang, idNguoiThucHien)values('HK194','060497307',N'Trần Thị Toàn','2020-10-23','2022-02-02',N'chăm người thân ốm', N'Đã xác nhận',1 )
insert into tam_tru(maHoKhau, CCCD, hoTen, tuNgay, denNgay, lydo, tinhTrang, idNguoiThucHien)values('HK195','099605758',N'Lê Khánh Anh Nam','2021-12-12','2022-11-28',N'lên Hà Nội học tập', N'Chờ xác nhận',1 )
insert into tam_tru(maHoKhau, CCCD, hoTen, tuNgay, denNgay, lydo, tinhTrang, idNguoiThucHien)values('HK196','073496430',N'Trần Văn Quỳnh Toàn','2020-01-24','2022-07-05',N'công tác', N'Chờ xác nhận',1 )
insert into tam_tru(maHoKhau, CCCD, hoTen, tuNgay, denNgay, lydo, tinhTrang, idNguoiThucHien)values('HK197','029876034',N'Lê Thị Thành','2020-07-20','2022-01-23',N'công tác', N'Đã xác nhận',1 )
insert into tam_tru(maHoKhau, CCCD, hoTen, tuNgay, denNgay, lydo, tinhTrang, idNguoiThucHien)values('HK198','065690910',N'Trần Thị Quỳnh An','2021-06-06','2022-03-08',N'công tác', N'Chờ xác nhận',1 )
insert into tam_tru(maHoKhau, CCCD, hoTen, tuNgay, denNgay, lydo, tinhTrang, idNguoiThucHien)values('HK199','017134593',N'Trần Thị Trúc Nam','2021-09-24','2022-04-26',N'công tác', N'Chờ xác nhận',1 )
insert into tam_tru(maHoKhau, CCCD, hoTen, tuNgay, denNgay, lydo, tinhTrang, idNguoiThucHien)values('HK200','069221029',N'Trần Khánh Thành','2021-06-02','2022-10-23',N'công tác', N'Đã xác nhận',1 )
insert into tam_tru(maHoKhau, CCCD, hoTen, tuNgay, denNgay, lydo, tinhTrang, idNguoiThucHien)values('HK201','041846675',N'Trần Thị Quỳnh Thành','2021-10-08','2022-09-27',N'chăm người thân ốm', N'Đã xác nhận',1 )
insert into tam_tru(maHoKhau, CCCD, hoTen, tuNgay, denNgay, lydo, tinhTrang, idNguoiThucHien)values('HK202','060920643',N'Lê Thị Toàn','2021-10-28','2022-04-09',N'chăm người thân ốm', N'Đã xác nhận',1 )
insert into tam_tru(maHoKhau, CCCD, hoTen, tuNgay, denNgay, lydo, tinhTrang, idNguoiThucHien)values('HK203','079657204',N'Lê Thị Quỳnh Hòa','2020-05-24','2022-01-25',N'chăm người thân ốm', N'Đã xác nhận',1 )
insert into tam_tru(maHoKhau, CCCD, hoTen, tuNgay, denNgay, lydo, tinhTrang, idNguoiThucHien)values('HK204','052599103',N'Trần Văn Quỳnh An','2021-05-11','2022-07-19',N'công tác', N'Đã xác nhận',1 )
insert into tam_tru(maHoKhau, CCCD, hoTen, tuNgay, denNgay, lydo, tinhTrang, idNguoiThucHien)values('HK205','016567373',N'Nguyễn Khánh Anh Nam','2020-09-03','2022-02-01',N'công tác', N'Chờ xác nhận',1 )
insert into tam_tru(maHoKhau, CCCD, hoTen, tuNgay, denNgay, lydo, tinhTrang, idNguoiThucHien)values('HK206','073977798',N'Đặng Khánh Mai Toàn','2021-12-12','2022-09-09',N'công tác', N'Chờ xác nhận',1 )
insert into tam_tru(maHoKhau, CCCD, hoTen, tuNgay, denNgay, lydo, tinhTrang, idNguoiThucHien)values('HK207','030653950',N'Trần Khánh Trúc Thành','2021-03-27','2022-01-25',N'công tác', N'Chờ xác nhận',1 )
insert into tam_tru(maHoKhau, CCCD, hoTen, tuNgay, denNgay, lydo, tinhTrang, idNguoiThucHien)values('HK208','075226199',N'Trần Khánh Quỳnh Hòa','2021-08-06','2022-10-17',N'công tác', N'Chờ xác nhận',1 )
insert into tam_tru(maHoKhau, CCCD, hoTen, tuNgay, denNgay, lydo, tinhTrang, idNguoiThucHien)values('HK209','059796015',N'Đặng Văn Anh Thành','2020-03-20','2022-09-14',N'chăm người thân ốm', N'Đã xác nhận',1 )
insert into tam_tru(maHoKhau, CCCD, hoTen, tuNgay, denNgay, lydo, tinhTrang, idNguoiThucHien)values('HK210','076888616',N'Nguyễn Văn Quỳnh Nam','2021-09-12','2022-09-13',N'lên Hà Nội học tập', N'Đã xác nhận',1 )
insert into tam_tru(maHoKhau, CCCD, hoTen, tuNgay, denNgay, lydo, tinhTrang, idNguoiThucHien)values('HK211','011126375',N'Nguyễn Thị Như Thành','2020-07-05','2022-08-13',N'công tác', N'Đã xác nhận',1 )
insert into tam_tru(maHoKhau, CCCD, hoTen, tuNgay, denNgay, lydo, tinhTrang, idNguoiThucHien)values('HK212','010630623',N'Đặng Văn Anh Hòa','2020-07-14','2022-08-22',N'lên Hà Nội học tập', N'Chờ xác nhận',1 )
insert into tam_tru(maHoKhau, CCCD, hoTen, tuNgay, denNgay, lydo, tinhTrang, idNguoiThucHien)values('HK213','049459640',N'Nguyễn Thị Quỳnh Toàn','2021-12-05','2022-01-25',N'công tác', N'Chờ xác nhận',1 )
insert into tam_tru(maHoKhau, CCCD, hoTen, tuNgay, denNgay, lydo, tinhTrang, idNguoiThucHien)values('HK214','036710163',N'Đặng Thị Như Toàn','2021-07-11','2022-09-21',N'công tác', N'Đã xác nhận',1 )
insert into tam_tru(maHoKhau, CCCD, hoTen, tuNgay, denNgay, lydo, tinhTrang, idNguoiThucHien)values('HK215','027909486',N'Trần Khánh Như Nam','2021-05-26','2022-12-16',N'chăm người thân ốm', N'Đã xác nhận',1 )
insert into tam_tru(maHoKhau, CCCD, hoTen, tuNgay, denNgay, lydo, tinhTrang, idNguoiThucHien)values('HK216','073004983',N'Trần Khánh Toàn','2021-07-01','2022-06-19',N'lên Hà Nội học tập', N'Chờ xác nhận',1 )
insert into tam_tru(maHoKhau, CCCD, hoTen, tuNgay, denNgay, lydo, tinhTrang, idNguoiThucHien)values('HK217','041662647',N'Đặng Thị Anh An','2021-10-04','2022-11-13',N'chăm người thân ốm', N'Đã xác nhận',1 )
insert into tam_tru(maHoKhau, CCCD, hoTen, tuNgay, denNgay, lydo, tinhTrang, idNguoiThucHien)values('HK218','056496038',N'Trần Khánh Như Toàn','2021-08-16','2022-06-17',N'công tác', N'Đã xác nhận',1 )
insert into tam_tru(maHoKhau, CCCD, hoTen, tuNgay, denNgay, lydo, tinhTrang, idNguoiThucHien)values('HK219','021792090',N'Nguyễn Văn Mai An','2021-09-06','2022-07-13',N'công tác', N'Đã xác nhận',1 )
insert into tam_tru(maHoKhau, CCCD, hoTen, tuNgay, denNgay, lydo, tinhTrang, idNguoiThucHien)values('HK220','028053984',N'Đặng Khánh Nam','2020-08-18','2022-09-11',N'lên Hà Nội học tập', N'Chờ xác nhận',1 )
insert into tam_tru(maHoKhau, CCCD, hoTen, tuNgay, denNgay, lydo, tinhTrang, idNguoiThucHien)values('HK221','010891578',N'Đặng Thị Trúc An','2020-10-19','2022-11-04',N'công tác', N'Chờ xác nhận',1 )
insert into tam_tru(maHoKhau, CCCD, hoTen, tuNgay, denNgay, lydo, tinhTrang, idNguoiThucHien)values('HK222','027651906',N'Nguyễn Khánh Anh Toàn','2021-10-06','2022-07-12',N'công tác', N'Chờ xác nhận',1 )
insert into tam_tru(maHoKhau, CCCD, hoTen, tuNgay, denNgay, lydo, tinhTrang, idNguoiThucHien)values('HK223','051878029',N'Đặng Khánh Anh Toàn','2020-08-17','2022-02-18',N'lên Hà Nội học tập', N'Chờ xác nhận',1 )
insert into tam_tru(maHoKhau, CCCD, hoTen, tuNgay, denNgay, lydo, tinhTrang, idNguoiThucHien)values('HK224','090537423',N'Trần Thị An','2020-10-13','2022-10-12',N'chăm người thân ốm', N'Đã xác nhận',1 )
insert into tam_tru(maHoKhau, CCCD, hoTen, tuNgay, denNgay, lydo, tinhTrang, idNguoiThucHien)values('HK225','090350658',N'Đặng Khánh Như Hòa','2020-01-24','2022-08-22',N'lên Hà Nội học tập', N'Chờ xác nhận',1 )
insert into tam_tru(maHoKhau, CCCD, hoTen, tuNgay, denNgay, lydo, tinhTrang, idNguoiThucHien)values('HK226','049764260',N'Nguyễn Khánh Như Hòa','2020-01-27','2022-09-20',N'công tác', N'Chờ xác nhận',1 )
insert into tam_tru(maHoKhau, CCCD, hoTen, tuNgay, denNgay, lydo, tinhTrang, idNguoiThucHien)values('HK227','077003600',N'Nguyễn Thị Quỳnh Thành','2020-04-27','2022-11-27',N'lên Hà Nội học tập', N'Đã xác nhận',1 )
insert into tam_tru(maHoKhau, CCCD, hoTen, tuNgay, denNgay, lydo, tinhTrang, idNguoiThucHien)values('HK228','034422171',N'Đặng Thị Mai Nam','2021-07-11','2022-03-01',N'chăm người thân ốm', N'Đã xác nhận',1 )
insert into tam_tru(maHoKhau, CCCD, hoTen, tuNgay, denNgay, lydo, tinhTrang, idNguoiThucHien)values('HK229','025797373',N'Đặng Văn Như Nam','2021-01-11','2022-03-16',N'chăm người thân ốm', N'Chờ xác nhận',1 )
insert into tam_tru(maHoKhau, CCCD, hoTen, tuNgay, denNgay, lydo, tinhTrang, idNguoiThucHien)values('HK230','025134962',N'Lê Thị Nam','2021-07-13','2022-10-25',N'chăm người thân ốm', N'Đã xác nhận',1 )
insert into tam_tru(maHoKhau, CCCD, hoTen, tuNgay, denNgay, lydo, tinhTrang, idNguoiThucHien)values('HK231','036258660',N'Trần Thị Trúc Nam','2020-11-28','2022-07-26',N'công tác', N'Đã xác nhận',1 )
insert into tam_tru(maHoKhau, CCCD, hoTen, tuNgay, denNgay, lydo, tinhTrang, idNguoiThucHien)values('HK232','030666891',N'Lê Văn Toàn','2020-08-07','2022-06-02',N'chăm người thân ốm', N'Chờ xác nhận',1 )
insert into tam_tru(maHoKhau, CCCD, hoTen, tuNgay, denNgay, lydo, tinhTrang, idNguoiThucHien)values('HK233','064524399',N'Nguyễn Thị Quỳnh An','2020-02-04','2022-11-11',N'công tác', N'Chờ xác nhận',1 )
insert into tam_tru(maHoKhau, CCCD, hoTen, tuNgay, denNgay, lydo, tinhTrang, idNguoiThucHien)values('HK234','055801310',N'Trần Thị Trúc Toàn','2021-10-06','2022-04-24',N'chăm người thân ốm', N'Chờ xác nhận',1 )
insert into tam_tru(maHoKhau, CCCD, hoTen, tuNgay, denNgay, lydo, tinhTrang, idNguoiThucHien)values('HK235','026017622',N'Trần Thị Như Nam','2021-05-04','2022-11-18',N'công tác', N'Đã xác nhận',1 )
insert into tam_tru(maHoKhau, CCCD, hoTen, tuNgay, denNgay, lydo, tinhTrang, idNguoiThucHien)values('HK236','031695229',N'Lê Khánh Mai Nam','2021-01-06','2022-03-04',N'công tác', N'Đã xác nhận',1 )
insert into tam_tru(maHoKhau, CCCD, hoTen, tuNgay, denNgay, lydo, tinhTrang, idNguoiThucHien)values('HK237','046380237',N'Lê Khánh Quỳnh An','2021-11-10','2022-06-21',N'lên Hà Nội học tập', N'Chờ xác nhận',1 )
insert into tam_tru(maHoKhau, CCCD, hoTen, tuNgay, denNgay, lydo, tinhTrang, idNguoiThucHien)values('HK238','022631979',N'Đặng Văn Trúc An','2020-12-13','2022-07-16',N'lên Hà Nội học tập', N'Chờ xác nhận',1 )
insert into tam_tru(maHoKhau, CCCD, hoTen, tuNgay, denNgay, lydo, tinhTrang, idNguoiThucHien)values('HK239','082756721',N'Lê Văn Trúc Nam','2021-07-19','2022-05-10',N'chăm người thân ốm', N'Đã xác nhận',1 )
insert into tam_tru(maHoKhau, CCCD, hoTen, tuNgay, denNgay, lydo, tinhTrang, idNguoiThucHien)values('HK240','098031622',N'Nguyễn Văn Mai Thành','2021-06-23','2022-06-15',N'lên Hà Nội học tập', N'Chờ xác nhận',1 )
insert into tam_tru(maHoKhau, CCCD, hoTen, tuNgay, denNgay, lydo, tinhTrang, idNguoiThucHien)values('HK241','039842001',N'Trần Văn Toàn','2021-07-15','2022-09-14',N'công tác', N'Đã xác nhận',1 )
insert into tam_tru(maHoKhau, CCCD, hoTen, tuNgay, denNgay, lydo, tinhTrang, idNguoiThucHien)values('HK242','055736696',N'Đặng Thị Hòa','2021-01-04','2022-07-14',N'công tác', N'Đã xác nhận',1 )
insert into tam_tru(maHoKhau, CCCD, hoTen, tuNgay, denNgay, lydo, tinhTrang, idNguoiThucHien)values('HK243','023382914',N'Lê Văn Quỳnh An','2021-12-26','2022-01-18',N'lên Hà Nội học tập', N'Đã xác nhận',1 )
insert into tam_tru(maHoKhau, CCCD, hoTen, tuNgay, denNgay, lydo, tinhTrang, idNguoiThucHien)values('HK244','034618041',N'Lê Thị Anh Thành','2021-05-14','2022-04-18',N'công tác', N'Đã xác nhận',1 )
insert into tam_tru(maHoKhau, CCCD, hoTen, tuNgay, denNgay, lydo, tinhTrang, idNguoiThucHien)values('HK245','016143439',N'Nguyễn Thị Như Thành','2020-06-01','2022-11-27',N'lên Hà Nội học tập', N'Chờ xác nhận',1 )
insert into tam_tru(maHoKhau, CCCD, hoTen, tuNgay, denNgay, lydo, tinhTrang, idNguoiThucHien)values('HK246','084904481',N'Đặng Khánh An','2021-03-11','2022-03-25',N'công tác', N'Đã xác nhận',1 )
insert into tam_tru(maHoKhau, CCCD, hoTen, tuNgay, denNgay, lydo, tinhTrang, idNguoiThucHien)values('HK247','047539052',N'Đặng Thị Quỳnh Thành','2020-01-26','2022-05-03',N'chăm người thân ốm', N'Đã xác nhận',1 )
insert into tam_tru(maHoKhau, CCCD, hoTen, tuNgay, denNgay, lydo, tinhTrang, idNguoiThucHien)values('HK248','066385364',N'Lê Văn Toàn','2020-01-06','2022-11-18',N'lên Hà Nội học tập', N'Đã xác nhận',1 )
insert into tam_tru(maHoKhau, CCCD, hoTen, tuNgay, denNgay, lydo, tinhTrang, idNguoiThucHien)values('HK249','048672371',N'Nguyễn Khánh Mai An','2021-12-22','2022-03-14',N'chăm người thân ốm', N'Đã xác nhận',1 )
insert into tam_tru(maHoKhau, CCCD, hoTen, tuNgay, denNgay, lydo, tinhTrang, idNguoiThucHien)values('HK250','054873720',N'Nguyễn Văn Quỳnh Toàn','2020-12-01','2022-07-04',N'công tác', N'Đã xác nhận',1 )
insert into tam_tru(maHoKhau, CCCD, hoTen, tuNgay, denNgay, lydo, tinhTrang, idNguoiThucHien)values('HK251','097901653',N'Nguyễn Thị Thành','2021-10-16','2022-09-01',N'chăm người thân ốm', N'Đã xác nhận',1 )
insert into tam_tru(maHoKhau, CCCD, hoTen, tuNgay, denNgay, lydo, tinhTrang, idNguoiThucHien)values('HK252','042514739',N'Đặng Văn Anh Hòa','2020-03-19','2022-11-16',N'lên Hà Nội học tập', N'Đã xác nhận',1 )
insert into tam_tru(maHoKhau, CCCD, hoTen, tuNgay, denNgay, lydo, tinhTrang, idNguoiThucHien)values('HK253','078486975',N'Lê Khánh Mai Toàn','2020-02-28','2022-06-09',N'công tác', N'Chờ xác nhận',1 )
insert into tam_tru(maHoKhau, CCCD, hoTen, tuNgay, denNgay, lydo, tinhTrang, idNguoiThucHien)values('HK254','087080923',N'Trần Thị Trúc Hòa','2021-12-02','2022-05-20',N'lên Hà Nội học tập', N'Chờ xác nhận',1 )
insert into tam_tru(maHoKhau, CCCD, hoTen, tuNgay, denNgay, lydo, tinhTrang, idNguoiThucHien)values('HK255','040529335',N'Lê Thị Thành','2021-10-01','2022-03-03',N'chăm người thân ốm', N'Chờ xác nhận',1 )
insert into tam_tru(maHoKhau, CCCD, hoTen, tuNgay, denNgay, lydo, tinhTrang, idNguoiThucHien)values('HK256','077384709',N'Nguyễn Văn Thành','2021-10-13','2022-01-03',N'chăm người thân ốm', N'Chờ xác nhận',1 )
insert into tam_tru(maHoKhau, CCCD, hoTen, tuNgay, denNgay, lydo, tinhTrang, idNguoiThucHien)values('HK257','039959944',N'Trần Thị Như Thành','2021-04-06','2022-10-22',N'lên Hà Nội học tập', N'Đã xác nhận',1 )
insert into tam_tru(maHoKhau, CCCD, hoTen, tuNgay, denNgay, lydo, tinhTrang, idNguoiThucHien)values('HK258','042404882',N'Nguyễn Thị An','2020-08-05','2022-01-25',N'chăm người thân ốm', N'Chờ xác nhận',1 )
insert into tam_tru(maHoKhau, CCCD, hoTen, tuNgay, denNgay, lydo, tinhTrang, idNguoiThucHien)values('HK259','053531706',N'Đặng Thị An','2020-01-20','2022-04-05',N'công tác', N'Đã xác nhận',1 )
insert into tam_tru(maHoKhau, CCCD, hoTen, tuNgay, denNgay, lydo, tinhTrang, idNguoiThucHien)values('HK260','040929763',N'Lê Thị An','2020-01-18','2022-07-12',N'lên Hà Nội học tập', N'Chờ xác nhận',1 )
insert into tam_tru(maHoKhau, CCCD, hoTen, tuNgay, denNgay, lydo, tinhTrang, idNguoiThucHien)values('HK261','045931401',N'Nguyễn Thị Như Hòa','2020-03-16','2022-09-08',N'công tác', N'Đã xác nhận',1 )
insert into tam_tru(maHoKhau, CCCD, hoTen, tuNgay, denNgay, lydo, tinhTrang, idNguoiThucHien)values('HK262','071873748',N'Nguyễn Khánh Quỳnh Toàn','2020-06-24','2022-11-07',N'công tác', N'Đã xác nhận',1 )
insert into tam_tru(maHoKhau, CCCD, hoTen, tuNgay, denNgay, lydo, tinhTrang, idNguoiThucHien)values('HK263','015679407',N'Trần Thị An','2020-09-20','2022-01-16',N'chăm người thân ốm', N'Đã xác nhận',1 )
insert into tam_tru(maHoKhau, CCCD, hoTen, tuNgay, denNgay, lydo, tinhTrang, idNguoiThucHien)values('HK264','032852476',N'Nguyễn Khánh Trúc An','2021-05-14','2022-09-18',N'chăm người thân ốm', N'Chờ xác nhận',1 )
insert into tam_tru(maHoKhau, CCCD, hoTen, tuNgay, denNgay, lydo, tinhTrang, idNguoiThucHien)values('HK265','037428982',N'Trần Khánh Anh An','2021-10-24','2022-04-22',N'công tác', N'Chờ xác nhận',1 )
insert into tam_tru(maHoKhau, CCCD, hoTen, tuNgay, denNgay, lydo, tinhTrang, idNguoiThucHien)values('HK266','093110271',N'Nguyễn Khánh Mai An','2021-12-28','2022-06-15',N'công tác', N'Đã xác nhận',1 )
insert into tam_tru(maHoKhau, CCCD, hoTen, tuNgay, denNgay, lydo, tinhTrang, idNguoiThucHien)values('HK267','047154651',N'Đặng Văn Trúc Toàn','2021-09-01','2022-07-14',N'lên Hà Nội học tập', N'Chờ xác nhận',1 )
insert into tam_tru(maHoKhau, CCCD, hoTen, tuNgay, denNgay, lydo, tinhTrang, idNguoiThucHien)values('HK268','085855498',N'Lê Văn Như Thành','2021-09-08','2022-06-15',N'công tác', N'Chờ xác nhận',1 )
insert into tam_tru(maHoKhau, CCCD, hoTen, tuNgay, denNgay, lydo, tinhTrang, idNguoiThucHien)values('HK269','073835106',N'Đặng Thị Anh Toàn','2021-12-06','2022-10-16',N'công tác', N'Đã xác nhận',1 )
insert into tam_tru(maHoKhau, CCCD, hoTen, tuNgay, denNgay, lydo, tinhTrang, idNguoiThucHien)values('HK270','061447988',N'Đặng Văn Toàn','2020-12-25','2022-05-08',N'công tác', N'Chờ xác nhận',1 )
insert into tam_tru(maHoKhau, CCCD, hoTen, tuNgay, denNgay, lydo, tinhTrang, idNguoiThucHien)values('HK271','036244914',N'Trần Thị Anh Thành','2020-12-14','2022-01-18',N'lên Hà Nội học tập', N'Đã xác nhận',1 )
insert into tam_tru(maHoKhau, CCCD, hoTen, tuNgay, denNgay, lydo, tinhTrang, idNguoiThucHien)values('HK272','051288521',N'Nguyễn Khánh Quỳnh An','2020-09-04','2022-03-27',N'chăm người thân ốm', N'Chờ xác nhận',1 )
insert into tam_tru(maHoKhau, CCCD, hoTen, tuNgay, denNgay, lydo, tinhTrang, idNguoiThucHien)values('HK273','068572687',N'Lê Thị Thành','2021-02-22','2022-01-01',N'chăm người thân ốm', N'Chờ xác nhận',1 )
insert into tam_tru(maHoKhau, CCCD, hoTen, tuNgay, denNgay, lydo, tinhTrang, idNguoiThucHien)values('HK274','047637789',N'Lê Khánh Toàn','2020-06-22','2022-11-13',N'chăm người thân ốm', N'Đã xác nhận',1 )
insert into tam_tru(maHoKhau, CCCD, hoTen, tuNgay, denNgay, lydo, tinhTrang, idNguoiThucHien)values('HK275','095981892',N'Trần Khánh Anh Nam','2021-09-08','2022-12-10',N'công tác', N'Đã xác nhận',1 )
insert into tam_tru(maHoKhau, CCCD, hoTen, tuNgay, denNgay, lydo, tinhTrang, idNguoiThucHien)values('HK276','025976236',N'Nguyễn Thị Quỳnh Nam','2020-07-14','2022-02-10',N'chăm người thân ốm', N'Chờ xác nhận',1 )
insert into tam_tru(maHoKhau, CCCD, hoTen, tuNgay, denNgay, lydo, tinhTrang, idNguoiThucHien)values('HK277','051394924',N'Lê Thị Trúc Toàn','2020-02-24','2022-07-13',N'lên Hà Nội học tập', N'Chờ xác nhận',1 )
insert into tam_tru(maHoKhau, CCCD, hoTen, tuNgay, denNgay, lydo, tinhTrang, idNguoiThucHien)values('HK278','032963799',N'Trần Văn Toàn','2020-02-16','2022-02-13',N'chăm người thân ốm', N'Chờ xác nhận',1 )
insert into tam_tru(maHoKhau, CCCD, hoTen, tuNgay, denNgay, lydo, tinhTrang, idNguoiThucHien)values('HK279','055784086',N'Đặng Khánh Quỳnh An','2020-07-24','2022-01-23',N'chăm người thân ốm', N'Đã xác nhận',1 )
insert into tam_tru(maHoKhau, CCCD, hoTen, tuNgay, denNgay, lydo, tinhTrang, idNguoiThucHien)values('HK280','078433328',N'Đặng Khánh Trúc Nam','2021-03-02','2022-03-04',N'công tác', N'Chờ xác nhận',1 )
insert into tam_tru(maHoKhau, CCCD, hoTen, tuNgay, denNgay, lydo, tinhTrang, idNguoiThucHien)values('HK281','084346694',N'Đặng Thị Quỳnh An','2020-08-10','2022-03-02',N'lên Hà Nội học tập', N'Đã xác nhận',1 )
insert into tam_tru(maHoKhau, CCCD, hoTen, tuNgay, denNgay, lydo, tinhTrang, idNguoiThucHien)values('HK282','014505351',N'Lê Thị An','2020-04-14','2022-01-08',N'chăm người thân ốm', N'Đã xác nhận',1 )
insert into tam_tru(maHoKhau, CCCD, hoTen, tuNgay, denNgay, lydo, tinhTrang, idNguoiThucHien)values('HK283','012165375',N'Đặng Văn Trúc Toàn','2021-09-07','2022-08-22',N'chăm người thân ốm', N'Chờ xác nhận',1 )
insert into tam_tru(maHoKhau, CCCD, hoTen, tuNgay, denNgay, lydo, tinhTrang, idNguoiThucHien)values('HK284','062031880',N'Lê Thị Anh An','2020-05-21','2022-09-01',N'công tác', N'Chờ xác nhận',1 )
insert into tam_tru(maHoKhau, CCCD, hoTen, tuNgay, denNgay, lydo, tinhTrang, idNguoiThucHien)values('HK285','048024983',N'Nguyễn Thị Như Hòa','2020-11-10','2022-07-03',N'lên Hà Nội học tập', N'Đã xác nhận',1 )
insert into tam_tru(maHoKhau, CCCD, hoTen, tuNgay, denNgay, lydo, tinhTrang, idNguoiThucHien)values('HK286','028030766',N'Nguyễn Khánh Anh Thành','2021-05-02','2022-06-11',N'lên Hà Nội học tập', N'Đã xác nhận',1 )
insert into tam_tru(maHoKhau, CCCD, hoTen, tuNgay, denNgay, lydo, tinhTrang, idNguoiThucHien)values('HK287','095965827',N'Nguyễn Khánh Mai Hòa','2020-12-24','2022-04-22',N'chăm người thân ốm', N'Chờ xác nhận',1 )
insert into tam_tru(maHoKhau, CCCD, hoTen, tuNgay, denNgay, lydo, tinhTrang, idNguoiThucHien)values('HK288','078885447',N'Đặng Khánh Như An','2021-11-27','2022-05-11',N'chăm người thân ốm', N'Đã xác nhận',1 )
insert into tam_tru(maHoKhau, CCCD, hoTen, tuNgay, denNgay, lydo, tinhTrang, idNguoiThucHien)values('HK289','028185576',N'Trần Thị An','2021-07-27','2022-05-15',N'chăm người thân ốm', N'Đã xác nhận',1 )
insert into tam_tru(maHoKhau, CCCD, hoTen, tuNgay, denNgay, lydo, tinhTrang, idNguoiThucHien)values('HK290','024135454',N'Đặng Khánh Mai Hòa','2021-11-15','2022-07-17',N'công tác', N'Chờ xác nhận',1 )
insert into tam_tru(maHoKhau, CCCD, hoTen, tuNgay, denNgay, lydo, tinhTrang, idNguoiThucHien)values('HK291','076998067',N'Lê Khánh Như Toàn','2020-08-23','2022-01-06',N'công tác', N'Đã xác nhận',1 )
insert into tam_tru(maHoKhau, CCCD, hoTen, tuNgay, denNgay, lydo, tinhTrang, idNguoiThucHien)values('HK292','075248367',N'Nguyễn Văn Mai Thành','2020-01-20','2022-09-13',N'lên Hà Nội học tập', N'Chờ xác nhận',1 )
insert into tam_tru(maHoKhau, CCCD, hoTen, tuNgay, denNgay, lydo, tinhTrang, idNguoiThucHien)values('HK293','069304759',N'Nguyễn Văn Anh Nam','2021-05-08','2022-08-21',N'lên Hà Nội học tập', N'Chờ xác nhận',1 )
insert into tam_tru(maHoKhau, CCCD, hoTen, tuNgay, denNgay, lydo, tinhTrang, idNguoiThucHien)values('HK294','012114521',N'Lê Văn Trúc Nam','2020-12-14','2022-12-18',N'công tác', N'Chờ xác nhận',1 )
insert into tam_tru(maHoKhau, CCCD, hoTen, tuNgay, denNgay, lydo, tinhTrang, idNguoiThucHien)values('HK295','078287978',N'Trần Khánh Quỳnh Thành','2020-11-16','2022-07-24',N'lên Hà Nội học tập', N'Đã xác nhận',1 )
insert into tam_tru(maHoKhau, CCCD, hoTen, tuNgay, denNgay, lydo, tinhTrang, idNguoiThucHien)values('HK296','089232762',N'Lê Thị Mai Nam','2021-12-08','2022-09-07',N'chăm người thân ốm', N'Chờ xác nhận',1 )
insert into tam_tru(maHoKhau, CCCD, hoTen, tuNgay, denNgay, lydo, tinhTrang, idNguoiThucHien)values('HK297','089235661',N'Lê Văn Như Toàn','2021-10-22','2022-09-08',N'chăm người thân ốm', N'Đã xác nhận',1 )
insert into tam_tru(maHoKhau, CCCD, hoTen, tuNgay, denNgay, lydo, tinhTrang, idNguoiThucHien)values('HK298','021500147',N'Nguyễn Thị Trúc Thành','2020-02-27','2022-10-27',N'lên Hà Nội học tập', N'Chờ xác nhận',1 )
insert into tam_tru(maHoKhau, CCCD, hoTen, tuNgay, denNgay, lydo, tinhTrang, idNguoiThucHien)values('HK299','073463331',N'Trần Thị Nam','2020-11-22','2022-07-17',N'công tác', N'Đã xác nhận',1 )
insert into tam_tru(maHoKhau, CCCD, hoTen, tuNgay, denNgay, lydo, tinhTrang, idNguoiThucHien)values('HK300','046832765',N'Lê Văn Toàn','2021-07-21','2022-09-09',N'lên Hà Nội học tập', N'Chờ xác nhận',1 )

--tam_vang--

insert into tam_vang(maNhanKhau, noiTamVang, tuNgay, denNgay, lydo, tinhTrang, idNguoiThucHien)values ('NK5',N'Điện Biên','2021-11-07','2022-09-15',N'lên Hà Nội học tập',N'Chờ xác nhận',2)
insert into tam_vang(maNhanKhau, noiTamVang, tuNgay, denNgay, lydo, tinhTrang, idNguoiThucHien)values ('NK6',N'Hải Phòng','2021-03-19','2022-06-20',N'công tác',N'Đã xác nhận',2)
insert into tam_vang(maNhanKhau, noiTamVang, tuNgay, denNgay, lydo, tinhTrang, idNguoiThucHien)values ('NK7',N'Thanh Hóa','2020-10-06','2022-05-25',N'chăm người thân ốm',N'Đã xác nhận',2)
insert into tam_vang(maNhanKhau, noiTamVang, tuNgay, denNgay, lydo, tinhTrang, idNguoiThucHien)values ('NK8',N'Điện Biên','2020-09-02','2022-05-19',N'chăm người thân ốm',N'Đã xác nhận',2)
insert into tam_vang(maNhanKhau, noiTamVang, tuNgay, denNgay, lydo, tinhTrang, idNguoiThucHien)values ('NK9',N'Hải Phòng','2020-04-27','2022-12-04',N'lên Hà Nội học tập',N'Đã xác nhận',2)
insert into tam_vang(maNhanKhau, noiTamVang, tuNgay, denNgay, lydo, tinhTrang, idNguoiThucHien)values ('NK10',N'Điện Biên','2020-06-11','2022-12-03',N'chăm người thân ốm',N'Chờ xác nhận',2)
insert into tam_vang(maNhanKhau, noiTamVang, tuNgay, denNgay, lydo, tinhTrang, idNguoiThucHien)values ('NK11',N'Điện Biên','2021-07-28','2022-12-09',N'lên Hà Nội học tập',N'Chờ xác nhận',2)
insert into tam_vang(maNhanKhau, noiTamVang, tuNgay, denNgay, lydo, tinhTrang, idNguoiThucHien)values ('NK12',N'Điện Biên','2021-09-24','2022-07-20',N'công tác',N'Chờ xác nhận',2)
insert into tam_vang(maNhanKhau, noiTamVang, tuNgay, denNgay, lydo, tinhTrang, idNguoiThucHien)values ('NK13',N'Vĩnh Phúc','2020-10-02','2022-04-19',N'chăm người thân ốm',N'Đã xác nhận',2)
insert into tam_vang(maNhanKhau, noiTamVang, tuNgay, denNgay, lydo, tinhTrang, idNguoiThucHien)values ('NK14',N'Điện Biên','2020-03-23','2022-03-24',N'chăm người thân ốm',N'Chờ xác nhận',2)
insert into tam_vang(maNhanKhau, noiTamVang, tuNgay, denNgay, lydo, tinhTrang, idNguoiThucHien)values ('NK15',N'Vĩnh Phúc','2021-09-22','2022-09-11',N'chăm người thân ốm',N'Chờ xác nhận',2)
insert into tam_vang(maNhanKhau, noiTamVang, tuNgay, denNgay, lydo, tinhTrang, idNguoiThucHien)values ('NK16',N'Vĩnh Phúc','2020-09-08','2022-01-27',N'công tác',N'Đã xác nhận',2)
insert into tam_vang(maNhanKhau, noiTamVang, tuNgay, denNgay, lydo, tinhTrang, idNguoiThucHien)values ('NK17',N'Hải Phòng','2020-09-17','2022-05-08',N'lên Hà Nội học tập',N'Chờ xác nhận',2)
insert into tam_vang(maNhanKhau, noiTamVang, tuNgay, denNgay, lydo, tinhTrang, idNguoiThucHien)values ('NK18',N'Hải Phòng','2020-03-14','2022-05-20',N'chăm người thân ốm',N'Chờ xác nhận',2)
insert into tam_vang(maNhanKhau, noiTamVang, tuNgay, denNgay, lydo, tinhTrang, idNguoiThucHien)values ('NK19',N'Điện Biên','2021-02-26','2022-11-22',N'công tác',N'Đã xác nhận',2)
insert into tam_vang(maNhanKhau, noiTamVang, tuNgay, denNgay, lydo, tinhTrang, idNguoiThucHien)values ('NK20',N'Hải Phòng','2021-01-07','2022-05-26',N'chăm người thân ốm',N'Chờ xác nhận',2)
insert into tam_vang(maNhanKhau, noiTamVang, tuNgay, denNgay, lydo, tinhTrang, idNguoiThucHien)values ('NK21',N'Bắc Giang','2021-05-23','2022-02-03',N'công tác',N'Chờ xác nhận',2)
insert into tam_vang(maNhanKhau, noiTamVang, tuNgay, denNgay, lydo, tinhTrang, idNguoiThucHien)values ('NK22',N'Hải Phòng','2021-08-27','2022-06-13',N'chăm người thân ốm',N'Đã xác nhận',2)
insert into tam_vang(maNhanKhau, noiTamVang, tuNgay, denNgay, lydo, tinhTrang, idNguoiThucHien)values ('NK23',N'Vĩnh Phúc','2021-03-24','2022-03-18',N'chăm người thân ốm',N'Đã xác nhận',2)
insert into tam_vang(maNhanKhau, noiTamVang, tuNgay, denNgay, lydo, tinhTrang, idNguoiThucHien)values ('NK24',N'Vĩnh Phúc','2021-06-23','2022-10-24',N'lên Hà Nội học tập',N'Chờ xác nhận',2)
insert into tam_vang(maNhanKhau, noiTamVang, tuNgay, denNgay, lydo, tinhTrang, idNguoiThucHien)values ('NK25',N'Vĩnh Phúc','2021-06-11','2022-08-23',N'lên Hà Nội học tập',N'Đã xác nhận',2)
insert into tam_vang(maNhanKhau, noiTamVang, tuNgay, denNgay, lydo, tinhTrang, idNguoiThucHien)values ('NK26',N'Thanh Hóa','2021-06-17','2022-09-15',N'lên Hà Nội học tập',N'Chờ xác nhận',2)
insert into tam_vang(maNhanKhau, noiTamVang, tuNgay, denNgay, lydo, tinhTrang, idNguoiThucHien)values ('NK27',N'Hải Phòng','2020-02-10','2022-05-14',N'chăm người thân ốm',N'Đã xác nhận',2)
insert into tam_vang(maNhanKhau, noiTamVang, tuNgay, denNgay, lydo, tinhTrang, idNguoiThucHien)values ('NK28',N'Điện Biên','2020-01-26','2022-01-07',N'lên Hà Nội học tập',N'Chờ xác nhận',2)
insert into tam_vang(maNhanKhau, noiTamVang, tuNgay, denNgay, lydo, tinhTrang, idNguoiThucHien)values ('NK29',N'Hải Phòng','2021-07-11','2022-11-18',N'lên Hà Nội học tập',N'Chờ xác nhận',2)
insert into tam_vang(maNhanKhau, noiTamVang, tuNgay, denNgay, lydo, tinhTrang, idNguoiThucHien)values ('NK30',N'Vĩnh Phúc','2020-09-15','2022-10-09',N'công tác',N'Đã xác nhận',2)
insert into tam_vang(maNhanKhau, noiTamVang, tuNgay, denNgay, lydo, tinhTrang, idNguoiThucHien)values ('NK31',N'Bắc Giang','2020-08-13','2022-06-01',N'chăm người thân ốm',N'Chờ xác nhận',2)
insert into tam_vang(maNhanKhau, noiTamVang, tuNgay, denNgay, lydo, tinhTrang, idNguoiThucHien)values ('NK32',N'Điện Biên','2020-03-12','2022-04-10',N'chăm người thân ốm',N'Đã xác nhận',2)
insert into tam_vang(maNhanKhau, noiTamVang, tuNgay, denNgay, lydo, tinhTrang, idNguoiThucHien)values ('NK33',N'Hải Phòng','2021-05-28','2022-09-05',N'công tác',N'Đã xác nhận',2)
insert into tam_vang(maNhanKhau, noiTamVang, tuNgay, denNgay, lydo, tinhTrang, idNguoiThucHien)values ('NK34',N'Vĩnh Phúc','2021-06-03','2022-04-08',N'lên Hà Nội học tập',N'Đã xác nhận',2)
insert into tam_vang(maNhanKhau, noiTamVang, tuNgay, denNgay, lydo, tinhTrang, idNguoiThucHien)values ('NK35',N'Bắc Giang','2021-05-26','2022-10-23',N'lên Hà Nội học tập',N'Đã xác nhận',2)
insert into tam_vang(maNhanKhau, noiTamVang, tuNgay, denNgay, lydo, tinhTrang, idNguoiThucHien)values ('NK36',N'Thanh Hóa','2020-07-13','2022-08-11',N'lên Hà Nội học tập',N'Chờ xác nhận',2)
insert into tam_vang(maNhanKhau, noiTamVang, tuNgay, denNgay, lydo, tinhTrang, idNguoiThucHien)values ('NK37',N'Điện Biên','2020-07-25','2022-10-01',N'lên Hà Nội học tập',N'Đã xác nhận',2)
insert into tam_vang(maNhanKhau, noiTamVang, tuNgay, denNgay, lydo, tinhTrang, idNguoiThucHien)values ('NK38',N'Hải Phòng','2020-02-22','2022-11-03',N'công tác',N'Chờ xác nhận',2)
insert into tam_vang(maNhanKhau, noiTamVang, tuNgay, denNgay, lydo, tinhTrang, idNguoiThucHien)values ('NK39',N'Vĩnh Phúc','2021-07-11','2022-05-25',N'công tác',N'Đã xác nhận',2)
insert into tam_vang(maNhanKhau, noiTamVang, tuNgay, denNgay, lydo, tinhTrang, idNguoiThucHien)values ('NK40',N'Vĩnh Phúc','2020-10-13','2022-04-26',N'chăm người thân ốm',N'Chờ xác nhận',2)
insert into tam_vang(maNhanKhau, noiTamVang, tuNgay, denNgay, lydo, tinhTrang, idNguoiThucHien)values ('NK41',N'Thanh Hóa','2021-06-13','2022-02-08',N'lên Hà Nội học tập',N'Đã xác nhận',2)
insert into tam_vang(maNhanKhau, noiTamVang, tuNgay, denNgay, lydo, tinhTrang, idNguoiThucHien)values ('NK42',N'Vĩnh Phúc','2020-07-03','2022-08-02',N'chăm người thân ốm',N'Chờ xác nhận',2)
insert into tam_vang(maNhanKhau, noiTamVang, tuNgay, denNgay, lydo, tinhTrang, idNguoiThucHien)values ('NK43',N'Điện Biên','2020-06-06','2022-07-06',N'công tác',N'Đã xác nhận',2)
insert into tam_vang(maNhanKhau, noiTamVang, tuNgay, denNgay, lydo, tinhTrang, idNguoiThucHien)values ('NK44',N'Bắc Giang','2020-01-06','2022-07-04',N'lên Hà Nội học tập',N'Chờ xác nhận',2)
insert into tam_vang(maNhanKhau, noiTamVang, tuNgay, denNgay, lydo, tinhTrang, idNguoiThucHien)values ('NK45',N'Bắc Giang','2021-10-05','2022-02-20',N'chăm người thân ốm',N'Chờ xác nhận',2)
insert into tam_vang(maNhanKhau, noiTamVang, tuNgay, denNgay, lydo, tinhTrang, idNguoiThucHien)values ('NK46',N'Bắc Giang','2021-08-04','2022-02-16',N'công tác',N'Đã xác nhận',2)
insert into tam_vang(maNhanKhau, noiTamVang, tuNgay, denNgay, lydo, tinhTrang, idNguoiThucHien)values ('NK47',N'Điện Biên','2020-12-13','2022-12-08',N'lên Hà Nội học tập',N'Đã xác nhận',2)
insert into tam_vang(maNhanKhau, noiTamVang, tuNgay, denNgay, lydo, tinhTrang, idNguoiThucHien)values ('NK48',N'Bắc Giang','2020-03-08','2022-04-28',N'lên Hà Nội học tập',N'Chờ xác nhận',2)
insert into tam_vang(maNhanKhau, noiTamVang, tuNgay, denNgay, lydo, tinhTrang, idNguoiThucHien)values ('NK49',N'Bắc Giang','2021-10-22','2022-08-28',N'lên Hà Nội học tập',N'Chờ xác nhận',2)
insert into tam_vang(maNhanKhau, noiTamVang, tuNgay, denNgay, lydo, tinhTrang, idNguoiThucHien)values ('NK50',N'Điện Biên','2021-12-12','2022-09-07',N'chăm người thân ốm',N'Chờ xác nhận',2)
insert into tam_vang(maNhanKhau, noiTamVang, tuNgay, denNgay, lydo, tinhTrang, idNguoiThucHien)values ('NK51',N'Thanh Hóa','2021-12-19','2022-09-14',N'lên Hà Nội học tập',N'Chờ xác nhận',2)
insert into tam_vang(maNhanKhau, noiTamVang, tuNgay, denNgay, lydo, tinhTrang, idNguoiThucHien)values ('NK52',N'Thanh Hóa','2020-02-18','2022-01-25',N'lên Hà Nội học tập',N'Đã xác nhận',2)
insert into tam_vang(maNhanKhau, noiTamVang, tuNgay, denNgay, lydo, tinhTrang, idNguoiThucHien)values ('NK53',N'Bắc Giang','2020-06-12','2022-08-14',N'chăm người thân ốm',N'Đã xác nhận',2)
insert into tam_vang(maNhanKhau, noiTamVang, tuNgay, denNgay, lydo, tinhTrang, idNguoiThucHien)values ('NK54',N'Điện Biên','2020-09-16','2022-08-10',N'lên Hà Nội học tập',N'Chờ xác nhận',2)

--dip_trao_thuong--
insert into dip_trao_thuong(tenDip, nam,ngayTao,ngayKetThuc, kieu)
values (N'Thành tích học tập kỳ 2', 2021, '2022-1-20','2022-5-20', N'Thành tích')
, (N'Thành tích học tập kỳ 2', 2020, '2021-1-20','2021-5-20', N'Thành tích')
, (N'Quốc tế thiếu nhi',2021, '2020-6-1', '2020-6-2',N'Dịp đặc biệt')

--phan_thuong--
insert into phan_thuong(maPhanThuong, tenPhanThuong, giaTri) values
                                                                 ('PT07', N'truyện tranh', 30000),
                                                                 ('PT08',N'hộp bút',40000)

--nhan_khau p2 --
insert into nhan_khau(maNhanKhau, maHoKhau, hoTen,ngaySinh,gioiTinh, tinhTrang, idNguoiThucHien) values ('NK350','HK54',N'Đặng Thị Trúc An', '2010-09-16', N'Nam' , N'Đã xác nhận',1)
insert into nhan_khau(maNhanKhau, maHoKhau, hoTen,ngaySinh,gioiTinh, tinhTrang, idNguoiThucHien) values ('NK351','HK230',N'Lê Khánh An', '2005-08-16', N'Nữ' , N'Đã xác nhận',1)
insert into nhan_khau(maNhanKhau, maHoKhau, hoTen,ngaySinh,gioiTinh, tinhTrang, idNguoiThucHien) values ('NK352','HK98',N'Trần Khánh Anh Nam', '2011-08-22', N'Nữ' , N'Đã xác nhận',1)
insert into nhan_khau(maNhanKhau, maHoKhau, hoTen,ngaySinh,gioiTinh, tinhTrang, idNguoiThucHien) values ('NK353','HK63',N'Lê Văn Như Thành', '2009-11-14', N'Nữ' , N'Đã xác nhận',1)
insert into nhan_khau(maNhanKhau, maHoKhau, hoTen,ngaySinh,gioiTinh, tinhTrang, idNguoiThucHien) values ('NK354','HK255',N'Lê Khánh Anh Nam', '2008-11-01', N'Nam' , N'Đã xác nhận',1)
insert into nhan_khau(maNhanKhau, maHoKhau, hoTen,ngaySinh,gioiTinh, tinhTrang, idNguoiThucHien) values ('NK355','HK184',N'Nguyễn Văn Thành', '2011-03-20', N'Nữ' , N'Đã xác nhận',1)
insert into nhan_khau(maNhanKhau, maHoKhau, hoTen,ngaySinh,gioiTinh, tinhTrang, idNguoiThucHien) values ('NK356','HK243',N'Lê Thị Mai Thành', '2010-01-12', N'Nam' , N'Đã xác nhận',1)
insert into nhan_khau(maNhanKhau, maHoKhau, hoTen,ngaySinh,gioiTinh, tinhTrang, idNguoiThucHien) values ('NK357','HK253',N'Nguyễn Thị Mai Toàn', '2005-03-24', N'Nữ' , N'Đã xác nhận',1)
insert into nhan_khau(maNhanKhau, maHoKhau, hoTen,ngaySinh,gioiTinh, tinhTrang, idNguoiThucHien) values ('NK358','HK216',N'Nguyễn Văn Anh Toàn', '2010-06-20', N'Nam' , N'Đã xác nhận',1)
insert into nhan_khau(maNhanKhau, maHoKhau, hoTen,ngaySinh,gioiTinh, tinhTrang, idNguoiThucHien) values ('NK359','HK134',N'Đặng Khánh Anh Nam', '2007-06-26', N'Nữ' , N'Đã xác nhận',1)
insert into nhan_khau(maNhanKhau, maHoKhau, hoTen,ngaySinh,gioiTinh, tinhTrang, idNguoiThucHien) values ('NK360','HK162',N'Trần Văn An', '2005-04-07', N'Nữ' , N'Đã xác nhận',1)
insert into nhan_khau(maNhanKhau, maHoKhau, hoTen,ngaySinh,gioiTinh, tinhTrang, idNguoiThucHien) values ('NK361','HK125',N'Nguyễn Thị Trúc Toàn', '2009-08-03', N'Nam' , N'Đã xác nhận',1)
insert into nhan_khau(maNhanKhau, maHoKhau, hoTen,ngaySinh,gioiTinh, tinhTrang, idNguoiThucHien) values ('NK362','HK99',N'Đặng Văn An', '2005-01-25', N'Nam' , N'Đã xác nhận',1)
insert into nhan_khau(maNhanKhau, maHoKhau, hoTen,ngaySinh,gioiTinh, tinhTrang, idNguoiThucHien) values ('NK363','HK220',N'Lê Khánh An', '2008-04-18', N'Nam' , N'Đã xác nhận',1)
insert into nhan_khau(maNhanKhau, maHoKhau, hoTen,ngaySinh,gioiTinh, tinhTrang, idNguoiThucHien) values ('NK364','HK200',N'Lê Thị Như Thành', '2005-12-13', N'Nữ' , N'Đã xác nhận',1)
insert into nhan_khau(maNhanKhau, maHoKhau, hoTen,ngaySinh,gioiTinh, tinhTrang, idNguoiThucHien) values ('NK365','HK87',N'Lê Khánh An', '2005-01-12', N'Nam' , N'Đã xác nhận',1)
insert into nhan_khau(maNhanKhau, maHoKhau, hoTen,ngaySinh,gioiTinh, tinhTrang, idNguoiThucHien) values ('NK366','HK196',N'Lê Văn Như Toàn', '2007-10-13', N'Nữ' , N'Đã xác nhận',1)
insert into nhan_khau(maNhanKhau, maHoKhau, hoTen,ngaySinh,gioiTinh, tinhTrang, idNguoiThucHien) values ('NK367','HK102',N'Nguyễn Văn Quỳnh Nam', '2008-07-03', N'Nam' , N'Đã xác nhận',1)
insert into nhan_khau(maNhanKhau, maHoKhau, hoTen,ngaySinh,gioiTinh, tinhTrang, idNguoiThucHien) values ('NK368','HK144',N'Lê Thị Anh Toàn', '2008-11-28', N'Nam' , N'Đã xác nhận',1)
insert into nhan_khau(maNhanKhau, maHoKhau, hoTen,ngaySinh,gioiTinh, tinhTrang, idNguoiThucHien) values ('NK369','HK84',N'Đặng Thị Anh Thành', '2005-10-13', N'Nam' , N'Đã xác nhận',1)
insert into nhan_khau(maNhanKhau, maHoKhau, hoTen,ngaySinh,gioiTinh, tinhTrang, idNguoiThucHien) values ('NK370','HK18',N'Nguyễn Khánh Trúc Toàn', '2007-11-20', N'Nữ' , N'Đã xác nhận',1)
insert into nhan_khau(maNhanKhau, maHoKhau, hoTen,ngaySinh,gioiTinh, tinhTrang, idNguoiThucHien) values ('NK371','HK228',N'Lê Thị Hòa', '2009-10-28', N'Nữ' , N'Đã xác nhận',1)
insert into nhan_khau(maNhanKhau, maHoKhau, hoTen,ngaySinh,gioiTinh, tinhTrang, idNguoiThucHien) values ('NK372','HK283',N'Đặng Khánh Hòa', '2010-04-24', N'Nam' , N'Đã xác nhận',1)
insert into nhan_khau(maNhanKhau, maHoKhau, hoTen,ngaySinh,gioiTinh, tinhTrang, idNguoiThucHien) values ('NK373','HK15',N'Nguyễn Văn Mai Thành', '2012-08-11', N'Nam' , N'Đã xác nhận',1)
insert into nhan_khau(maNhanKhau, maHoKhau, hoTen,ngaySinh,gioiTinh, tinhTrang, idNguoiThucHien) values ('NK374','HK159',N'Đặng Văn Thành', '2012-04-11', N'Nam' , N'Đã xác nhận',1)
insert into nhan_khau(maNhanKhau, maHoKhau, hoTen,ngaySinh,gioiTinh, tinhTrang, idNguoiThucHien) values ('NK375','HK215',N'Trần Thị Mai Thành', '2008-01-28', N'Nữ' , N'Đã xác nhận',1)
insert into nhan_khau(maNhanKhau, maHoKhau, hoTen,ngaySinh,gioiTinh, tinhTrang, idNguoiThucHien) values ('NK376','HK122',N'Đặng Khánh Mai An', '2009-09-15', N'Nữ' , N'Đã xác nhận',1)
insert into nhan_khau(maNhanKhau, maHoKhau, hoTen,ngaySinh,gioiTinh, tinhTrang, idNguoiThucHien) values ('NK377','HK94',N'Đặng Thị Mai Thành', '2005-05-17', N'Nữ' , N'Đã xác nhận',1)
insert into nhan_khau(maNhanKhau, maHoKhau, hoTen,ngaySinh,gioiTinh, tinhTrang, idNguoiThucHien) values ('NK378','HK58',N'Trần Văn Quỳnh Toàn', '2010-05-27', N'Nam' , N'Đã xác nhận',1)
insert into nhan_khau(maNhanKhau, maHoKhau, hoTen,ngaySinh,gioiTinh, tinhTrang, idNguoiThucHien) values ('NK379','HK201',N'Đặng Thị Mai Toàn', '2006-06-18', N'Nam' , N'Đã xác nhận',1)
insert into nhan_khau(maNhanKhau, maHoKhau, hoTen,ngaySinh,gioiTinh, tinhTrang, idNguoiThucHien) values ('NK380','HK3',N'Nguyễn Khánh An', '2012-11-02', N'Nữ' , N'Đã xác nhận',1)
insert into nhan_khau(maNhanKhau, maHoKhau, hoTen,ngaySinh,gioiTinh, tinhTrang, idNguoiThucHien) values ('NK381','HK262',N'Trần Văn Mai Thành', '2006-01-07', N'Nam' , N'Đã xác nhận',1)
insert into nhan_khau(maNhanKhau, maHoKhau, hoTen,ngaySinh,gioiTinh, tinhTrang, idNguoiThucHien) values ('NK382','HK253',N'Đặng Văn Như An', '2012-10-18', N'Nữ' , N'Đã xác nhận',1)
insert into nhan_khau(maNhanKhau, maHoKhau, hoTen,ngaySinh,gioiTinh, tinhTrang, idNguoiThucHien) values ('NK383','HK100',N'Trần Thị Như Thành', '2008-01-18', N'Nam' , N'Đã xác nhận',1)
insert into nhan_khau(maNhanKhau, maHoKhau, hoTen,ngaySinh,gioiTinh, tinhTrang, idNguoiThucHien) values ('NK384','HK213',N'Lê Thị Quỳnh Nam', '2007-05-18', N'Nữ' , N'Đã xác nhận',1)
insert into nhan_khau(maNhanKhau, maHoKhau, hoTen,ngaySinh,gioiTinh, tinhTrang, idNguoiThucHien) values ('NK385','HK6',N'Lê Thị Quỳnh An', '2008-02-18', N'Nữ' , N'Đã xác nhận',1)
insert into nhan_khau(maNhanKhau, maHoKhau, hoTen,ngaySinh,gioiTinh, tinhTrang, idNguoiThucHien) values ('NK386','HK24',N'Đặng Khánh Quỳnh Toàn', '2009-05-12', N'Nữ' , N'Đã xác nhận',1)
insert into nhan_khau(maNhanKhau, maHoKhau, hoTen,ngaySinh,gioiTinh, tinhTrang, idNguoiThucHien) values ('NK387','HK111',N'Đặng Thị Anh Hòa', '2008-05-10', N'Nam' , N'Đã xác nhận',1)
insert into nhan_khau(maNhanKhau, maHoKhau, hoTen,ngaySinh,gioiTinh, tinhTrang, idNguoiThucHien) values ('NK388','HK99',N'Đặng Khánh Anh Toàn', '2008-12-13', N'Nam' , N'Đã xác nhận',1)
insert into nhan_khau(maNhanKhau, maHoKhau, hoTen,ngaySinh,gioiTinh, tinhTrang, idNguoiThucHien) values ('NK389','HK226',N'Nguyễn Văn Như Thành', '2010-05-17', N'Nam' , N'Đã xác nhận',1)
insert into nhan_khau(maNhanKhau, maHoKhau, hoTen,ngaySinh,gioiTinh, tinhTrang, idNguoiThucHien) values ('NK390','HK142',N'Nguyễn Thị Anh Hòa', '2010-02-05', N'Nữ' , N'Đã xác nhận',1)
insert into nhan_khau(maNhanKhau, maHoKhau, hoTen,ngaySinh,gioiTinh, tinhTrang, idNguoiThucHien) values ('NK391','HK72',N'Lê Thị Anh Hòa', '2010-07-27', N'Nữ' , N'Đã xác nhận',1)
insert into nhan_khau(maNhanKhau, maHoKhau, hoTen,ngaySinh,gioiTinh, tinhTrang, idNguoiThucHien) values ('NK392','HK122',N'Lê Văn Anh Toàn', '2006-03-20', N'Nam' , N'Đã xác nhận',1)
insert into nhan_khau(maNhanKhau, maHoKhau, hoTen,ngaySinh,gioiTinh, tinhTrang, idNguoiThucHien) values ('NK393','HK289',N'Đặng Khánh Như An', '2005-03-02', N'Nam' , N'Đã xác nhận',1)
insert into nhan_khau(maNhanKhau, maHoKhau, hoTen,ngaySinh,gioiTinh, tinhTrang, idNguoiThucHien) values ('NK394','HK176',N'Trần Khánh Trúc Toàn', '2012-04-16', N'Nam' , N'Đã xác nhận',1)
insert into nhan_khau(maNhanKhau, maHoKhau, hoTen,ngaySinh,gioiTinh, tinhTrang, idNguoiThucHien) values ('NK395','HK132',N'Lê Khánh Hòa', '2011-10-03', N'Nam' , N'Đã xác nhận',1)
insert into nhan_khau(maNhanKhau, maHoKhau, hoTen,ngaySinh,gioiTinh, tinhTrang, idNguoiThucHien) values ('NK396','HK243',N'Nguyễn Thị Mai An', '2005-04-02', N'Nam' , N'Đã xác nhận',1)
insert into nhan_khau(maNhanKhau, maHoKhau, hoTen,ngaySinh,gioiTinh, tinhTrang, idNguoiThucHien) values ('NK397','HK155',N'Nguyễn Thị Trúc Toàn', '2007-09-03', N'Nữ' , N'Đã xác nhận',1)
insert into nhan_khau(maNhanKhau, maHoKhau, hoTen,ngaySinh,gioiTinh, tinhTrang, idNguoiThucHien) values ('NK398','HK222',N'Lê Khánh Quỳnh Hòa', '2007-03-12', N'Nữ' , N'Đã xác nhận',1)
insert into nhan_khau(maNhanKhau, maHoKhau, hoTen,ngaySinh,gioiTinh, tinhTrang, idNguoiThucHien) values ('NK399','HK13',N'Lê Thị Mai Nam', '2011-02-28', N'Nam' , N'Đã xác nhận',1)
insert into nhan_khau(maNhanKhau, maHoKhau, hoTen,ngaySinh,gioiTinh, tinhTrang, idNguoiThucHien) values ('NK400','HK41',N'Đặng Văn Trúc An', '2006-01-14', N'Nữ' , N'Đã xác nhận',1)
insert into nhan_khau(maNhanKhau, maHoKhau, hoTen,ngaySinh,gioiTinh, tinhTrang, idNguoiThucHien) values ('NK401','HK138',N'Đặng Văn Quỳnh Toàn', '2006-12-26', N'Nam' , N'Đã xác nhận',1)
insert into nhan_khau(maNhanKhau, maHoKhau, hoTen,ngaySinh,gioiTinh, tinhTrang, idNguoiThucHien) values ('NK402','HK105',N'Nguyễn Văn Trúc Toàn', '2011-04-23', N'Nữ' , N'Đã xác nhận',1)
insert into nhan_khau(maNhanKhau, maHoKhau, hoTen,ngaySinh,gioiTinh, tinhTrang, idNguoiThucHien) values ('NK403','HK171',N'Lê Thị Toàn', '2005-11-14', N'Nam' , N'Đã xác nhận',1)
insert into nhan_khau(maNhanKhau, maHoKhau, hoTen,ngaySinh,gioiTinh, tinhTrang, idNguoiThucHien) values ('NK404','HK237',N'Nguyễn Thị Toàn', '2012-02-03', N'Nữ' , N'Đã xác nhận',1)
insert into nhan_khau(maNhanKhau, maHoKhau, hoTen,ngaySinh,gioiTinh, tinhTrang, idNguoiThucHien) values ('NK405','HK14',N'Trần Khánh Như Toàn', '2007-12-22', N'Nữ' , N'Đã xác nhận',1)
insert into nhan_khau(maNhanKhau, maHoKhau, hoTen,ngaySinh,gioiTinh, tinhTrang, idNguoiThucHien) values ('NK406','HK191',N'Đặng Khánh Như Hòa', '2010-01-02', N'Nam' , N'Đã xác nhận',1)
insert into nhan_khau(maNhanKhau, maHoKhau, hoTen,ngaySinh,gioiTinh, tinhTrang, idNguoiThucHien) values ('NK407','HK136',N'Đặng Khánh Trúc Nam', '2010-07-02', N'Nam' , N'Đã xác nhận',1)
insert into nhan_khau(maNhanKhau, maHoKhau, hoTen,ngaySinh,gioiTinh, tinhTrang, idNguoiThucHien) values ('NK408','HK6',N'Nguyễn Khánh Anh Nam', '2010-07-06', N'Nữ' , N'Đã xác nhận',1)
insert into nhan_khau(maNhanKhau, maHoKhau, hoTen,ngaySinh,gioiTinh, tinhTrang, idNguoiThucHien) values ('NK409','HK240',N'Nguyễn Thị Anh An', '2011-06-13', N'Nam' , N'Đã xác nhận',1)
insert into nhan_khau(maNhanKhau, maHoKhau, hoTen,ngaySinh,gioiTinh, tinhTrang, idNguoiThucHien) values ('NK410','HK218',N'Đặng Văn Anh An', '2009-05-03', N'Nữ' , N'Đã xác nhận',1)
insert into nhan_khau(maNhanKhau, maHoKhau, hoTen,ngaySinh,gioiTinh, tinhTrang, idNguoiThucHien) values ('NK411','HK33',N'Trần Khánh An', '2010-06-21', N'Nam' , N'Đã xác nhận',1)
insert into nhan_khau(maNhanKhau, maHoKhau, hoTen,ngaySinh,gioiTinh, tinhTrang, idNguoiThucHien) values ('NK412','HK182',N'Đặng Thị Quỳnh Thành', '2008-04-01', N'Nam' , N'Đã xác nhận',1)
insert into nhan_khau(maNhanKhau, maHoKhau, hoTen,ngaySinh,gioiTinh, tinhTrang, idNguoiThucHien) values ('NK413','HK57',N'Lê Khánh Hòa', '2007-06-06', N'Nam' , N'Đã xác nhận',1)
insert into nhan_khau(maNhanKhau, maHoKhau, hoTen,ngaySinh,gioiTinh, tinhTrang, idNguoiThucHien) values ('NK414','HK71',N'Lê Khánh Như Nam', '2012-05-10', N'Nam' , N'Đã xác nhận',1)
insert into nhan_khau(maNhanKhau, maHoKhau, hoTen,ngaySinh,gioiTinh, tinhTrang, idNguoiThucHien) values ('NK415','HK182',N'Trần Khánh An', '2011-07-20', N'Nữ' , N'Đã xác nhận',1)
insert into nhan_khau(maNhanKhau, maHoKhau, hoTen,ngaySinh,gioiTinh, tinhTrang, idNguoiThucHien) values ('NK416','HK94',N'Lê Văn Hòa', '2010-11-26', N'Nam' , N'Đã xác nhận',1)
insert into nhan_khau(maNhanKhau, maHoKhau, hoTen,ngaySinh,gioiTinh, tinhTrang, idNguoiThucHien) values ('NK417','HK228',N'Nguyễn Khánh An', '2012-12-24', N'Nam' , N'Đã xác nhận',1)
insert into nhan_khau(maNhanKhau, maHoKhau, hoTen,ngaySinh,gioiTinh, tinhTrang, idNguoiThucHien) values ('NK418','HK155',N'Trần Thị An', '2006-05-19', N'Nữ' , N'Đã xác nhận',1)
insert into nhan_khau(maNhanKhau, maHoKhau, hoTen,ngaySinh,gioiTinh, tinhTrang, idNguoiThucHien) values ('NK419','HK40',N'Nguyễn Văn Hòa', '2009-07-06', N'Nữ' , N'Đã xác nhận',1)
insert into nhan_khau(maNhanKhau, maHoKhau, hoTen,ngaySinh,gioiTinh, tinhTrang, idNguoiThucHien) values ('NK420','HK11',N'Nguyễn Khánh Quỳnh Thành', '2009-07-12', N'Nam' , N'Đã xác nhận',1)
insert into nhan_khau(maNhanKhau, maHoKhau, hoTen,ngaySinh,gioiTinh, tinhTrang, idNguoiThucHien) values ('NK421','HK64',N'Nguyễn Thị Hòa', '2010-06-14', N'Nam' , N'Đã xác nhận',1)
insert into nhan_khau(maNhanKhau, maHoKhau, hoTen,ngaySinh,gioiTinh, tinhTrang, idNguoiThucHien) values ('NK422','HK81',N'Lê Khánh Như Hòa', '2009-08-20', N'Nữ' , N'Đã xác nhận',1)
insert into nhan_khau(maNhanKhau, maHoKhau, hoTen,ngaySinh,gioiTinh, tinhTrang, idNguoiThucHien) values ('NK423','HK165',N'Nguyễn Khánh Mai An', '2010-03-23', N'Nữ' , N'Đã xác nhận',1)
insert into nhan_khau(maNhanKhau, maHoKhau, hoTen,ngaySinh,gioiTinh, tinhTrang, idNguoiThucHien) values ('NK424','HK241',N'Lê Văn Như Hòa', '2007-11-03', N'Nữ' , N'Đã xác nhận',1)
insert into nhan_khau(maNhanKhau, maHoKhau, hoTen,ngaySinh,gioiTinh, tinhTrang, idNguoiThucHien) values ('NK425','HK242',N'Nguyễn Thị Toàn', '2011-08-15', N'Nam' , N'Đã xác nhận',1)
insert into nhan_khau(maNhanKhau, maHoKhau, hoTen,ngaySinh,gioiTinh, tinhTrang, idNguoiThucHien) values ('NK426','HK65',N'Lê Khánh Hòa', '2007-06-07', N'Nữ' , N'Đã xác nhận',1)
insert into nhan_khau(maNhanKhau, maHoKhau, hoTen,ngaySinh,gioiTinh, tinhTrang, idNguoiThucHien) values ('NK427','HK62',N'Lê Văn Mai An', '2005-11-23', N'Nam' , N'Đã xác nhận',1)
insert into nhan_khau(maNhanKhau, maHoKhau, hoTen,ngaySinh,gioiTinh, tinhTrang, idNguoiThucHien) values ('NK428','HK224',N'Trần Thị An', '2012-09-15', N'Nữ' , N'Đã xác nhận',1)
insert into nhan_khau(maNhanKhau, maHoKhau, hoTen,ngaySinh,gioiTinh, tinhTrang, idNguoiThucHien) values ('NK429','HK108',N'Nguyễn Văn Thành', '2005-02-25', N'Nữ' , N'Đã xác nhận',1)
insert into nhan_khau(maNhanKhau, maHoKhau, hoTen,ngaySinh,gioiTinh, tinhTrang, idNguoiThucHien) values ('NK430','HK64',N'Trần Khánh An', '2006-09-20', N'Nam' , N'Đã xác nhận',1)
insert into nhan_khau(maNhanKhau, maHoKhau, hoTen,ngaySinh,gioiTinh, tinhTrang, idNguoiThucHien) values ('NK431','HK198',N'Lê Thị Quỳnh Hòa', '2008-04-16', N'Nam' , N'Đã xác nhận',1)
insert into nhan_khau(maNhanKhau, maHoKhau, hoTen,ngaySinh,gioiTinh, tinhTrang, idNguoiThucHien) values ('NK432','HK84',N'Lê Khánh Mai An', '2007-06-24', N'Nữ' , N'Đã xác nhận',1)
insert into nhan_khau(maNhanKhau, maHoKhau, hoTen,ngaySinh,gioiTinh, tinhTrang, idNguoiThucHien) values ('NK433','HK116',N'Đặng Văn Thành', '2007-08-27', N'Nữ' , N'Đã xác nhận',1)
insert into nhan_khau(maNhanKhau, maHoKhau, hoTen,ngaySinh,gioiTinh, tinhTrang, idNguoiThucHien) values ('NK434','HK173',N'Trần Khánh Trúc An', '2005-10-21', N'Nam' , N'Đã xác nhận',1)
insert into nhan_khau(maNhanKhau, maHoKhau, hoTen,ngaySinh,gioiTinh, tinhTrang, idNguoiThucHien) values ('NK435','HK246',N'Đặng Văn Như Nam', '2005-11-13', N'Nam' , N'Đã xác nhận',1)
insert into nhan_khau(maNhanKhau, maHoKhau, hoTen,ngaySinh,gioiTinh, tinhTrang, idNguoiThucHien) values ('NK436','HK126',N'Lê Văn Trúc Nam', '2005-03-28', N'Nam' , N'Đã xác nhận',1)
insert into nhan_khau(maNhanKhau, maHoKhau, hoTen,ngaySinh,gioiTinh, tinhTrang, idNguoiThucHien) values ('NK437','HK142',N'Nguyễn Văn Như Hòa', '2009-08-02', N'Nữ' , N'Đã xác nhận',1)
insert into nhan_khau(maNhanKhau, maHoKhau, hoTen,ngaySinh,gioiTinh, tinhTrang, idNguoiThucHien) values ('NK438','HK217',N'Nguyễn Khánh Toàn', '2009-07-28', N'Nữ' , N'Đã xác nhận',1)
insert into nhan_khau(maNhanKhau, maHoKhau, hoTen,ngaySinh,gioiTinh, tinhTrang, idNguoiThucHien) values ('NK439','HK251',N'Lê Thị Quỳnh Toàn', '2011-03-24', N'Nữ' , N'Đã xác nhận',1)
insert into nhan_khau(maNhanKhau, maHoKhau, hoTen,ngaySinh,gioiTinh, tinhTrang, idNguoiThucHien) values ('NK440','HK103',N'Đặng Khánh Thành', '2008-02-27', N'Nữ' , N'Đã xác nhận',1)
insert into nhan_khau(maNhanKhau, maHoKhau, hoTen,ngaySinh,gioiTinh, tinhTrang, idNguoiThucHien) values ('NK441','HK90',N'Lê Văn Anh Thành', '2006-12-02', N'Nữ' , N'Đã xác nhận',1)
insert into nhan_khau(maNhanKhau, maHoKhau, hoTen,ngaySinh,gioiTinh, tinhTrang, idNguoiThucHien) values ('NK442','HK269',N'Trần Văn Trúc Hòa', '2006-06-18', N'Nữ' , N'Đã xác nhận',1)
insert into nhan_khau(maNhanKhau, maHoKhau, hoTen,ngaySinh,gioiTinh, tinhTrang, idNguoiThucHien) values ('NK443','HK212',N'Trần Văn Như Nam', '2008-01-08', N'Nam' , N'Đã xác nhận',1)
insert into nhan_khau(maNhanKhau, maHoKhau, hoTen,ngaySinh,gioiTinh, tinhTrang, idNguoiThucHien) values ('NK444','HK93',N'Nguyễn Thị An', '2012-05-19', N'Nữ' , N'Đã xác nhận',1)
insert into nhan_khau(maNhanKhau, maHoKhau, hoTen,ngaySinh,gioiTinh, tinhTrang, idNguoiThucHien) values ('NK445','HK259',N'Lê Khánh Trúc An', '2006-10-04', N'Nữ' , N'Đã xác nhận',1)
insert into nhan_khau(maNhanKhau, maHoKhau, hoTen,ngaySinh,gioiTinh, tinhTrang, idNguoiThucHien) values ('NK446','HK6',N'Trần Khánh Mai Hòa', '2006-03-14', N'Nam' , N'Đã xác nhận',1)
insert into nhan_khau(maNhanKhau, maHoKhau, hoTen,ngaySinh,gioiTinh, tinhTrang, idNguoiThucHien) values ('NK447','HK88',N'Đặng Thị Anh Toàn', '2010-05-05', N'Nam' , N'Đã xác nhận',1)
insert into nhan_khau(maNhanKhau, maHoKhau, hoTen,ngaySinh,gioiTinh, tinhTrang, idNguoiThucHien) values ('NK448','HK144',N'Lê Thị Trúc Nam', '2007-08-28', N'Nữ' , N'Đã xác nhận',1)
insert into nhan_khau(maNhanKhau, maHoKhau, hoTen,ngaySinh,gioiTinh, tinhTrang, idNguoiThucHien) values ('NK449','HK121',N'Lê Văn Anh An', '2009-04-16', N'Nữ' , N'Đã xác nhận',1)

--thong_tin_dip_dac_biet--

insert into thong_tin_dip_dac_biet(idDip, maNhanKhau, tinhTrang, idNguoiThucHien)values(1,'NK350',N'Chờ xác nhận',6  )
insert into thong_tin_dip_dac_biet(idDip, maNhanKhau, tinhTrang, idNguoiThucHien)values(1,'NK351',N'Chờ xác nhận',6  )
insert into thong_tin_dip_dac_biet(idDip, maNhanKhau, tinhTrang, idNguoiThucHien)values(7,'NK352',N'Chờ xác nhận',6  )
insert into thong_tin_dip_dac_biet(idDip, maNhanKhau, tinhTrang, idNguoiThucHien)values(1,'NK353',N'Chờ xác nhận',6  )
insert into thong_tin_dip_dac_biet(idDip, maNhanKhau, tinhTrang, idNguoiThucHien)values(2,'NK354',N'Đã xác nhận',6  )
insert into thong_tin_dip_dac_biet(idDip, maNhanKhau, tinhTrang, idNguoiThucHien)values(1,'NK355',N'Chờ xác nhận',6  )
insert into thong_tin_dip_dac_biet(idDip, maNhanKhau, tinhTrang, idNguoiThucHien)values(2,'NK356',N'Chờ xác nhận',6  )
insert into thong_tin_dip_dac_biet(idDip, maNhanKhau, tinhTrang, idNguoiThucHien)values(1,'NK357',N'Chờ xác nhận',6  )
insert into thong_tin_dip_dac_biet(idDip, maNhanKhau, tinhTrang, idNguoiThucHien)values(7,'NK358',N'Chờ xác nhận',6  )
insert into thong_tin_dip_dac_biet(idDip, maNhanKhau, tinhTrang, idNguoiThucHien)values(2,'NK359',N'Chờ xác nhận',6  )
insert into thong_tin_dip_dac_biet(idDip, maNhanKhau, tinhTrang, idNguoiThucHien)values(7,'NK360',N'Chờ xác nhận',6  )
insert into thong_tin_dip_dac_biet(idDip, maNhanKhau, tinhTrang, idNguoiThucHien)values(1,'NK361',N'Đã xác nhận',6  )
insert into thong_tin_dip_dac_biet(idDip, maNhanKhau, tinhTrang, idNguoiThucHien)values(7,'NK362',N'Đã xác nhận',6  )
insert into thong_tin_dip_dac_biet(idDip, maNhanKhau, tinhTrang, idNguoiThucHien)values(7,'NK363',N'Chờ xác nhận',6  )
insert into thong_tin_dip_dac_biet(idDip, maNhanKhau, tinhTrang, idNguoiThucHien)values(1,'NK364',N'Đã xác nhận',6  )
insert into thong_tin_dip_dac_biet(idDip, maNhanKhau, tinhTrang, idNguoiThucHien)values(1,'NK365',N'Chờ xác nhận',6  )
insert into thong_tin_dip_dac_biet(idDip, maNhanKhau, tinhTrang, idNguoiThucHien)values(7,'NK366',N'Chờ xác nhận',6  )
insert into thong_tin_dip_dac_biet(idDip, maNhanKhau, tinhTrang, idNguoiThucHien)values(7,'NK367',N'Đã xác nhận',6  )
insert into thong_tin_dip_dac_biet(idDip, maNhanKhau, tinhTrang, idNguoiThucHien)values(1,'NK368',N'Chờ xác nhận',6  )
insert into thong_tin_dip_dac_biet(idDip, maNhanKhau, tinhTrang, idNguoiThucHien)values(1,'NK369',N'Đã xác nhận',6  )
insert into thong_tin_dip_dac_biet(idDip, maNhanKhau, tinhTrang, idNguoiThucHien)values(2,'NK370',N'Đã xác nhận',6  )
insert into thong_tin_dip_dac_biet(idDip, maNhanKhau, tinhTrang, idNguoiThucHien)values(7,'NK371',N'Đã xác nhận',6  )
insert into thong_tin_dip_dac_biet(idDip, maNhanKhau, tinhTrang, idNguoiThucHien)values(7,'NK372',N'Đã xác nhận',6  )
insert into thong_tin_dip_dac_biet(idDip, maNhanKhau, tinhTrang, idNguoiThucHien)values(7,'NK373',N'Chờ xác nhận',6  )
insert into thong_tin_dip_dac_biet(idDip, maNhanKhau, tinhTrang, idNguoiThucHien)values(7,'NK374',N'Đã xác nhận',6  )
insert into thong_tin_dip_dac_biet(idDip, maNhanKhau, tinhTrang, idNguoiThucHien)values(7,'NK375',N'Chờ xác nhận',6  )
insert into thong_tin_dip_dac_biet(idDip, maNhanKhau, tinhTrang, idNguoiThucHien)values(1,'NK376',N'Đã xác nhận',6  )
insert into thong_tin_dip_dac_biet(idDip, maNhanKhau, tinhTrang, idNguoiThucHien)values(7,'NK377',N'Chờ xác nhận',6  )
insert into thong_tin_dip_dac_biet(idDip, maNhanKhau, tinhTrang, idNguoiThucHien)values(7,'NK378',N'Đã xác nhận',6  )
insert into thong_tin_dip_dac_biet(idDip, maNhanKhau, tinhTrang, idNguoiThucHien)values(7,'NK379',N'Chờ xác nhận',6  )
insert into thong_tin_dip_dac_biet(idDip, maNhanKhau, tinhTrang, idNguoiThucHien)values(7,'NK380',N'Đã xác nhận',6  )
insert into thong_tin_dip_dac_biet(idDip, maNhanKhau, tinhTrang, idNguoiThucHien)values(7,'NK381',N'Chờ xác nhận',6  )
insert into thong_tin_dip_dac_biet(idDip, maNhanKhau, tinhTrang, idNguoiThucHien)values(1,'NK382',N'Đã xác nhận',6  )
insert into thong_tin_dip_dac_biet(idDip, maNhanKhau, tinhTrang, idNguoiThucHien)values(7,'NK383',N'Đã xác nhận',6  )
insert into thong_tin_dip_dac_biet(idDip, maNhanKhau, tinhTrang, idNguoiThucHien)values(2,'NK384',N'Chờ xác nhận',6  )
insert into thong_tin_dip_dac_biet(idDip, maNhanKhau, tinhTrang, idNguoiThucHien)values(2,'NK385',N'Đã xác nhận',6  )
insert into thong_tin_dip_dac_biet(idDip, maNhanKhau, tinhTrang, idNguoiThucHien)values(1,'NK386',N'Đã xác nhận',6  )
insert into thong_tin_dip_dac_biet(idDip, maNhanKhau, tinhTrang, idNguoiThucHien)values(2,'NK387',N'Đã xác nhận',6  )
insert into thong_tin_dip_dac_biet(idDip, maNhanKhau, tinhTrang, idNguoiThucHien)values(2,'NK388',N'Đã xác nhận',6  )
insert into thong_tin_dip_dac_biet(idDip, maNhanKhau, tinhTrang, idNguoiThucHien)values(7,'NK389',N'Chờ xác nhận',6  )
insert into thong_tin_dip_dac_biet(idDip, maNhanKhau, tinhTrang, idNguoiThucHien)values(1,'NK390',N'Đã xác nhận',6  )
insert into thong_tin_dip_dac_biet(idDip, maNhanKhau, tinhTrang, idNguoiThucHien)values(2,'NK391',N'Đã xác nhận',6  )
insert into thong_tin_dip_dac_biet(idDip, maNhanKhau, tinhTrang, idNguoiThucHien)values(1,'NK392',N'Chờ xác nhận',6  )
insert into thong_tin_dip_dac_biet(idDip, maNhanKhau, tinhTrang, idNguoiThucHien)values(7,'NK393',N'Đã xác nhận',6  )
insert into thong_tin_dip_dac_biet(idDip, maNhanKhau, tinhTrang, idNguoiThucHien)values(2,'NK394',N'Chờ xác nhận',6  )
insert into thong_tin_dip_dac_biet(idDip, maNhanKhau, tinhTrang, idNguoiThucHien)values(1,'NK395',N'Đã xác nhận',6  )
insert into thong_tin_dip_dac_biet(idDip, maNhanKhau, tinhTrang, idNguoiThucHien)values(7,'NK396',N'Chờ xác nhận',6  )
insert into thong_tin_dip_dac_biet(idDip, maNhanKhau, tinhTrang, idNguoiThucHien)values(2,'NK397',N'Chờ xác nhận',6  )
insert into thong_tin_dip_dac_biet(idDip, maNhanKhau, tinhTrang, idNguoiThucHien)values(7,'NK398',N'Đã xác nhận',6  )
insert into thong_tin_dip_dac_biet(idDip, maNhanKhau, tinhTrang, idNguoiThucHien)values(1,'NK399',N'Đã xác nhận',6  )
insert into thong_tin_dip_dac_biet(idDip, maNhanKhau, tinhTrang, idNguoiThucHien)values(1,'NK400',N'Chờ xác nhận',6  )
insert into thong_tin_dip_dac_biet(idDip, maNhanKhau, tinhTrang, idNguoiThucHien)values(7,'NK401',N'Chờ xác nhận',6  )
insert into thong_tin_dip_dac_biet(idDip, maNhanKhau, tinhTrang, idNguoiThucHien)values(1,'NK402',N'Đã xác nhận',6  )
insert into thong_tin_dip_dac_biet(idDip, maNhanKhau, tinhTrang, idNguoiThucHien)values(7,'NK403',N'Đã xác nhận',6  )
insert into thong_tin_dip_dac_biet(idDip, maNhanKhau, tinhTrang, idNguoiThucHien)values(1,'NK404',N'Chờ xác nhận',6  )
insert into thong_tin_dip_dac_biet(idDip, maNhanKhau, tinhTrang, idNguoiThucHien)values(1,'NK405',N'Chờ xác nhận',6  )
insert into thong_tin_dip_dac_biet(idDip, maNhanKhau, tinhTrang, idNguoiThucHien)values(7,'NK406',N'Đã xác nhận',6  )
insert into thong_tin_dip_dac_biet(idDip, maNhanKhau, tinhTrang, idNguoiThucHien)values(7,'NK407',N'Chờ xác nhận',6  )
insert into thong_tin_dip_dac_biet(idDip, maNhanKhau, tinhTrang, idNguoiThucHien)values(2,'NK408',N'Đã xác nhận',6  )
insert into thong_tin_dip_dac_biet(idDip, maNhanKhau, tinhTrang, idNguoiThucHien)values(7,'NK409',N'Chờ xác nhận',6  )
insert into thong_tin_dip_dac_biet(idDip, maNhanKhau, tinhTrang, idNguoiThucHien)values(2,'NK410',N'Đã xác nhận',6  )
insert into thong_tin_dip_dac_biet(idDip, maNhanKhau, tinhTrang, idNguoiThucHien)values(2,'NK411',N'Đã xác nhận',6  )
insert into thong_tin_dip_dac_biet(idDip, maNhanKhau, tinhTrang, idNguoiThucHien)values(2,'NK412',N'Chờ xác nhận',6  )
insert into thong_tin_dip_dac_biet(idDip, maNhanKhau, tinhTrang, idNguoiThucHien)values(2,'NK413',N'Chờ xác nhận',6  )
insert into thong_tin_dip_dac_biet(idDip, maNhanKhau, tinhTrang, idNguoiThucHien)values(2,'NK414',N'Chờ xác nhận',6  )
insert into thong_tin_dip_dac_biet(idDip, maNhanKhau, tinhTrang, idNguoiThucHien)values(7,'NK415',N'Đã xác nhận',6  )
insert into thong_tin_dip_dac_biet(idDip, maNhanKhau, tinhTrang, idNguoiThucHien)values(7,'NK416',N'Chờ xác nhận',6  )
insert into thong_tin_dip_dac_biet(idDip, maNhanKhau, tinhTrang, idNguoiThucHien)values(2,'NK417',N'Chờ xác nhận',6  )
insert into thong_tin_dip_dac_biet(idDip, maNhanKhau, tinhTrang, idNguoiThucHien)values(2,'NK418',N'Chờ xác nhận',6  )
insert into thong_tin_dip_dac_biet(idDip, maNhanKhau, tinhTrang, idNguoiThucHien)values(2,'NK419',N'Đã xác nhận',6  )
insert into thong_tin_dip_dac_biet(idDip, maNhanKhau, tinhTrang, idNguoiThucHien)values(1,'NK420',N'Chờ xác nhận',6  )
insert into thong_tin_dip_dac_biet(idDip, maNhanKhau, tinhTrang, idNguoiThucHien)values(7,'NK421',N'Chờ xác nhận',6  )
insert into thong_tin_dip_dac_biet(idDip, maNhanKhau, tinhTrang, idNguoiThucHien)values(2,'NK422',N'Chờ xác nhận',6  )
insert into thong_tin_dip_dac_biet(idDip, maNhanKhau, tinhTrang, idNguoiThucHien)values(1,'NK423',N'Đã xác nhận',6  )
insert into thong_tin_dip_dac_biet(idDip, maNhanKhau, tinhTrang, idNguoiThucHien)values(1,'NK424',N'Chờ xác nhận',6  )
insert into thong_tin_dip_dac_biet(idDip, maNhanKhau, tinhTrang, idNguoiThucHien)values(1,'NK425',N'Đã xác nhận',6  )
insert into thong_tin_dip_dac_biet(idDip, maNhanKhau, tinhTrang, idNguoiThucHien)values(7,'NK426',N'Chờ xác nhận',6  )
insert into thong_tin_dip_dac_biet(idDip, maNhanKhau, tinhTrang, idNguoiThucHien)values(1,'NK427',N'Đã xác nhận',6  )
insert into thong_tin_dip_dac_biet(idDip, maNhanKhau, tinhTrang, idNguoiThucHien)values(2,'NK428',N'Đã xác nhận',6  )
insert into thong_tin_dip_dac_biet(idDip, maNhanKhau, tinhTrang, idNguoiThucHien)values(2,'NK429',N'Chờ xác nhận',6  )
insert into thong_tin_dip_dac_biet(idDip, maNhanKhau, tinhTrang, idNguoiThucHien)values(2,'NK430',N'Chờ xác nhận',6  )
insert into thong_tin_dip_dac_biet(idDip, maNhanKhau, tinhTrang, idNguoiThucHien)values(2,'NK431',N'Đã xác nhận',6  )
insert into thong_tin_dip_dac_biet(idDip, maNhanKhau, tinhTrang, idNguoiThucHien)values(1,'NK432',N'Đã xác nhận',6  )
insert into thong_tin_dip_dac_biet(idDip, maNhanKhau, tinhTrang, idNguoiThucHien)values(2,'NK433',N'Chờ xác nhận',6  )
insert into thong_tin_dip_dac_biet(idDip, maNhanKhau, tinhTrang, idNguoiThucHien)values(1,'NK434',N'Đã xác nhận',6  )
insert into thong_tin_dip_dac_biet(idDip, maNhanKhau, tinhTrang, idNguoiThucHien)values(7,'NK435',N'Chờ xác nhận',6  )
insert into thong_tin_dip_dac_biet(idDip, maNhanKhau, tinhTrang, idNguoiThucHien)values(7,'NK436',N'Đã xác nhận',6  )
insert into thong_tin_dip_dac_biet(idDip, maNhanKhau, tinhTrang, idNguoiThucHien)values(2,'NK437',N'Đã xác nhận',6  )
insert into thong_tin_dip_dac_biet(idDip, maNhanKhau, tinhTrang, idNguoiThucHien)values(7,'NK438',N'Chờ xác nhận',6  )
insert into thong_tin_dip_dac_biet(idDip, maNhanKhau, tinhTrang, idNguoiThucHien)values(2,'NK439',N'Chờ xác nhận',6  )
insert into thong_tin_dip_dac_biet(idDip, maNhanKhau, tinhTrang, idNguoiThucHien)values(1,'NK440',N'Chờ xác nhận',6  )
insert into thong_tin_dip_dac_biet(idDip, maNhanKhau, tinhTrang, idNguoiThucHien)values(1,'NK441',N'Đã xác nhận',6  )
insert into thong_tin_dip_dac_biet(idDip, maNhanKhau, tinhTrang, idNguoiThucHien)values(7,'NK442',N'Chờ xác nhận',6  )
insert into thong_tin_dip_dac_biet(idDip, maNhanKhau, tinhTrang, idNguoiThucHien)values(1,'NK443',N'Chờ xác nhận',6  )
insert into thong_tin_dip_dac_biet(idDip, maNhanKhau, tinhTrang, idNguoiThucHien)values(7,'NK444',N'Chờ xác nhận',6  )
insert into thong_tin_dip_dac_biet(idDip, maNhanKhau, tinhTrang, idNguoiThucHien)values(1,'NK445',N'Chờ xác nhận',6  )
insert into thong_tin_dip_dac_biet(idDip, maNhanKhau, tinhTrang, idNguoiThucHien)values(1,'NK446',N'Chờ xác nhận',6  )
insert into thong_tin_dip_dac_biet(idDip, maNhanKhau, tinhTrang, idNguoiThucHien)values(2,'NK447',N'Đã xác nhận',6  )
insert into thong_tin_dip_dac_biet(idDip, maNhanKhau, tinhTrang, idNguoiThucHien)values(1,'NK448',N'Đã xác nhận',6  )
insert into thong_tin_dip_dac_biet(idDip, maNhanKhau, tinhTrang, idNguoiThucHien)values(2,'NK449',N'Đã xác nhận',6  )

--trao_thuong_dip_dac_biet--
insert into trao_thuong_dip_dac_biet(idNhap,maPhanThuong, soLuong)values  (1,'PT05',2)
insert into trao_thuong_dip_dac_biet(idNhap,maPhanThuong, soLuong)values  (3,'PT05',3)
insert into trao_thuong_dip_dac_biet(idNhap,maPhanThuong, soLuong)values  (11,'PT04',1)
insert into trao_thuong_dip_dac_biet(idNhap,maPhanThuong, soLuong)values  (67,'PT05',2)
insert into trao_thuong_dip_dac_biet(idNhap,maPhanThuong, soLuong)values  (7,'PT01',1)
insert into trao_thuong_dip_dac_biet(idNhap,maPhanThuong, soLuong)values  (79,'PT04',5)
insert into trao_thuong_dip_dac_biet(idNhap,maPhanThuong, soLuong)values  (94,'PT01',4)
insert into trao_thuong_dip_dac_biet(idNhap,maPhanThuong, soLuong)values  (91,'PT05',3)
insert into trao_thuong_dip_dac_biet(idNhap,maPhanThuong, soLuong)values  (25,'PT05',3)
insert into trao_thuong_dip_dac_biet(idNhap,maPhanThuong, soLuong)values  (88,'PT04',5)
insert into trao_thuong_dip_dac_biet(idNhap,maPhanThuong, soLuong)values  (22,'PT05',4)
insert into trao_thuong_dip_dac_biet(idNhap,maPhanThuong, soLuong)values  (32,'PT01',3)
insert into trao_thuong_dip_dac_biet(idNhap,maPhanThuong, soLuong)values  (93,'PT04',4)
insert into trao_thuong_dip_dac_biet(idNhap,maPhanThuong, soLuong)values  (31,'PT04',3)
insert into trao_thuong_dip_dac_biet(idNhap,maPhanThuong, soLuong)values  (2,'PT05',2)
insert into trao_thuong_dip_dac_biet(idNhap,maPhanThuong, soLuong)values  (89,'PT01',2)
insert into trao_thuong_dip_dac_biet(idNhap,maPhanThuong, soLuong)values  (67,'PT04',1)
insert into trao_thuong_dip_dac_biet(idNhap,maPhanThuong, soLuong)values  (17,'PT05',2)
insert into trao_thuong_dip_dac_biet(idNhap,maPhanThuong, soLuong)values  (71,'PT04',2)
insert into trao_thuong_dip_dac_biet(idNhap,maPhanThuong, soLuong)values  (33,'PT05',3)
insert into trao_thuong_dip_dac_biet(idNhap,maPhanThuong, soLuong)values  (97,'PT01',2)
insert into trao_thuong_dip_dac_biet(idNhap,maPhanThuong, soLuong)values  (24,'PT04',2)
insert into trao_thuong_dip_dac_biet(idNhap,maPhanThuong, soLuong)values  (99,'PT04',5)
insert into trao_thuong_dip_dac_biet(idNhap,maPhanThuong, soLuong)values  (83,'PT05',5)
insert into trao_thuong_dip_dac_biet(idNhap,maPhanThuong, soLuong)values  (76,'PT04',5)
insert into trao_thuong_dip_dac_biet(idNhap,maPhanThuong, soLuong)values  (23,'PT05',5)
insert into trao_thuong_dip_dac_biet(idNhap,maPhanThuong, soLuong)values  (44,'PT01',5)
insert into trao_thuong_dip_dac_biet(idNhap,maPhanThuong, soLuong)values  (57,'PT05',2)
insert into trao_thuong_dip_dac_biet(idNhap,maPhanThuong, soLuong)values  (66,'PT05',1)
insert into trao_thuong_dip_dac_biet(idNhap,maPhanThuong, soLuong)values  (45,'PT05',1)
insert into trao_thuong_dip_dac_biet(idNhap,maPhanThuong, soLuong)values  (8,'PT01',1)
insert into trao_thuong_dip_dac_biet(idNhap,maPhanThuong, soLuong)values  (13,'PT05',5)
insert into trao_thuong_dip_dac_biet(idNhap,maPhanThuong, soLuong)values  (52,'PT04',3)
insert into trao_thuong_dip_dac_biet(idNhap,maPhanThuong, soLuong)values  (97,'PT05',2)
insert into trao_thuong_dip_dac_biet(idNhap,maPhanThuong, soLuong)values  (84,'PT04',1)
insert into trao_thuong_dip_dac_biet(idNhap,maPhanThuong, soLuong)values  (8,'PT04',4)
insert into trao_thuong_dip_dac_biet(idNhap,maPhanThuong, soLuong)values  (43,'PT04',5)
insert into trao_thuong_dip_dac_biet(idNhap,maPhanThuong, soLuong)values  (24,'PT01',5)
insert into trao_thuong_dip_dac_biet(idNhap,maPhanThuong, soLuong)values  (99,'PT01',3)
insert into trao_thuong_dip_dac_biet(idNhap,maPhanThuong, soLuong)values  (88,'PT01',2)
insert into trao_thuong_dip_dac_biet(idNhap,maPhanThuong, soLuong)values  (85,'PT04',5)
insert into trao_thuong_dip_dac_biet(idNhap,maPhanThuong, soLuong)values  (70,'PT04',2)
insert into trao_thuong_dip_dac_biet(idNhap,maPhanThuong, soLuong)values  (32,'PT01',5)
insert into trao_thuong_dip_dac_biet(idNhap,maPhanThuong, soLuong)values  (38,'PT01',4)
insert into trao_thuong_dip_dac_biet(idNhap,maPhanThuong, soLuong)values  (63,'PT05',3)
insert into trao_thuong_dip_dac_biet(idNhap,maPhanThuong, soLuong)values  (44,'PT01',4)
insert into trao_thuong_dip_dac_biet(idNhap,maPhanThuong, soLuong)values  (40,'PT05',4)
insert into trao_thuong_dip_dac_biet(idNhap,maPhanThuong, soLuong)values  (10,'PT01',1)
insert into trao_thuong_dip_dac_biet(idNhap,maPhanThuong, soLuong)values  (72,'PT01',4)
insert into trao_thuong_dip_dac_biet(idNhap,maPhanThuong, soLuong)values  (76,'PT01',1)
insert into trao_thuong_dip_dac_biet(idNhap,maPhanThuong, soLuong)values  (18,'PT01',3)
insert into trao_thuong_dip_dac_biet(idNhap,maPhanThuong, soLuong)values  (30,'PT01',4)
insert into trao_thuong_dip_dac_biet(idNhap,maPhanThuong, soLuong)values  (29,'PT01',2)
insert into trao_thuong_dip_dac_biet(idNhap,maPhanThuong, soLuong)values  (55,'PT04',5)
insert into trao_thuong_dip_dac_biet(idNhap,maPhanThuong, soLuong)values  (15,'PT05',5)
insert into trao_thuong_dip_dac_biet(idNhap,maPhanThuong, soLuong)values  (14,'PT01',1)
insert into trao_thuong_dip_dac_biet(idNhap,maPhanThuong, soLuong)values  (4,'PT04',5)
insert into trao_thuong_dip_dac_biet(idNhap,maPhanThuong, soLuong)values  (54,'PT01',3)
insert into trao_thuong_dip_dac_biet(idNhap,maPhanThuong, soLuong)values  (9,'PT04',2)
insert into trao_thuong_dip_dac_biet(idNhap,maPhanThuong, soLuong)values  (53,'PT01',1)
insert into trao_thuong_dip_dac_biet(idNhap,maPhanThuong, soLuong)values  (50,'PT04',5)
insert into trao_thuong_dip_dac_biet(idNhap,maPhanThuong, soLuong)values  (82,'PT01',2)
insert into trao_thuong_dip_dac_biet(idNhap,maPhanThuong, soLuong)values  (22,'PT04',3)
insert into trao_thuong_dip_dac_biet(idNhap,maPhanThuong, soLuong)values  (77,'PT05',3)
insert into trao_thuong_dip_dac_biet(idNhap,maPhanThuong, soLuong)values  (37,'PT01',2)
insert into trao_thuong_dip_dac_biet(idNhap,maPhanThuong, soLuong)values  (52,'PT04',4)
insert into trao_thuong_dip_dac_biet(idNhap,maPhanThuong, soLuong)values  (96,'PT04',4)
insert into trao_thuong_dip_dac_biet(idNhap,maPhanThuong, soLuong)values  (2,'PT04',5)
insert into trao_thuong_dip_dac_biet(idNhap,maPhanThuong, soLuong)values  (58,'PT04',1)
insert into trao_thuong_dip_dac_biet(idNhap,maPhanThuong, soLuong)values  (32,'PT05',3)
insert into trao_thuong_dip_dac_biet(idNhap,maPhanThuong, soLuong)values  (19,'PT05',4)
insert into trao_thuong_dip_dac_biet(idNhap,maPhanThuong, soLuong)values  (36,'PT05',5)
insert into trao_thuong_dip_dac_biet(idNhap,maPhanThuong, soLuong)values  (1,'PT05',2)
insert into trao_thuong_dip_dac_biet(idNhap,maPhanThuong, soLuong)values  (52,'PT04',3)
insert into trao_thuong_dip_dac_biet(idNhap,maPhanThuong, soLuong)values  (86,'PT01',3)
insert into trao_thuong_dip_dac_biet(idNhap,maPhanThuong, soLuong)values  (5,'PT05',1)
insert into trao_thuong_dip_dac_biet(idNhap,maPhanThuong, soLuong)values  (53,'PT04',5)
insert into trao_thuong_dip_dac_biet(idNhap,maPhanThuong, soLuong)values  (100,'PT04',5)
insert into trao_thuong_dip_dac_biet(idNhap,maPhanThuong, soLuong)values  (95,'PT05',3)
insert into trao_thuong_dip_dac_biet(idNhap,maPhanThuong, soLuong)values  (4,'PT04',3)
insert into trao_thuong_dip_dac_biet(idNhap,maPhanThuong, soLuong)values  (16,'PT05',4)
insert into trao_thuong_dip_dac_biet(idNhap,maPhanThuong, soLuong)values  (40,'PT01',5)
insert into trao_thuong_dip_dac_biet(idNhap,maPhanThuong, soLuong)values  (71,'PT01',2)
insert into trao_thuong_dip_dac_biet(idNhap,maPhanThuong, soLuong)values  (15,'PT04',1)
insert into trao_thuong_dip_dac_biet(idNhap,maPhanThuong, soLuong)values  (17,'PT04',5)
insert into trao_thuong_dip_dac_biet(idNhap,maPhanThuong, soLuong)values  (42,'PT04',2)
insert into trao_thuong_dip_dac_biet(idNhap,maPhanThuong, soLuong)values  (2,'PT04',3)
insert into trao_thuong_dip_dac_biet(idNhap,maPhanThuong, soLuong)values  (88,'PT04',5)
insert into trao_thuong_dip_dac_biet(idNhap,maPhanThuong, soLuong)values  (21,'PT04',4)
insert into trao_thuong_dip_dac_biet(idNhap,maPhanThuong, soLuong)values  (31,'PT05',4)
insert into trao_thuong_dip_dac_biet(idNhap,maPhanThuong, soLuong)values  (11,'PT04',5)
insert into trao_thuong_dip_dac_biet(idNhap,maPhanThuong, soLuong)values  (52,'PT04',3)
insert into trao_thuong_dip_dac_biet(idNhap,maPhanThuong, soLuong)values  (85,'PT04',1)
insert into trao_thuong_dip_dac_biet(idNhap,maPhanThuong, soLuong)values  (5,'PT04',2)
insert into trao_thuong_dip_dac_biet(idNhap,maPhanThuong, soLuong)values  (56,'PT04',4)
insert into trao_thuong_dip_dac_biet(idNhap,maPhanThuong, soLuong)values  (48,'PT04',5)
insert into trao_thuong_dip_dac_biet(idNhap,maPhanThuong, soLuong)values  (86,'PT04',2)
insert into trao_thuong_dip_dac_biet(idNhap,maPhanThuong, soLuong)values  (4,'PT01',5)
insert into trao_thuong_dip_dac_biet(idNhap,maPhanThuong, soLuong)values  (6,'PT01',3)
insert into trao_thuong_dip_dac_biet(idNhap,maPhanThuong, soLuong)values  (1,'PT05',3)
insert into trao_thuong_dip_dac_biet(idNhap,maPhanThuong, soLuong)values  (18,'PT01',4)
insert into trao_thuong_dip_dac_biet(idNhap,maPhanThuong, soLuong)values  (32,'PT05',2)
insert into trao_thuong_dip_dac_biet(idNhap,maPhanThuong, soLuong)values  (34,'PT01',3)
insert into trao_thuong_dip_dac_biet(idNhap,maPhanThuong, soLuong)values  (90,'PT01',1)
insert into trao_thuong_dip_dac_biet(idNhap,maPhanThuong, soLuong)values  (6,'PT01',3)
insert into trao_thuong_dip_dac_biet(idNhap,maPhanThuong, soLuong)values  (22,'PT01',3)
insert into trao_thuong_dip_dac_biet(idNhap,maPhanThuong, soLuong)values  (99,'PT05',1)
insert into trao_thuong_dip_dac_biet(idNhap,maPhanThuong, soLuong)values  (89,'PT04',3)
insert into trao_thuong_dip_dac_biet(idNhap,maPhanThuong, soLuong)values  (84,'PT04',1)
insert into trao_thuong_dip_dac_biet(idNhap,maPhanThuong, soLuong)values  (61,'PT01',3)
insert into trao_thuong_dip_dac_biet(idNhap,maPhanThuong, soLuong)values  (80,'PT01',1)
insert into trao_thuong_dip_dac_biet(idNhap,maPhanThuong, soLuong)values  (29,'PT01',2)
insert into trao_thuong_dip_dac_biet(idNhap,maPhanThuong, soLuong)values  (49,'PT05',4)
insert into trao_thuong_dip_dac_biet(idNhap,maPhanThuong, soLuong)values  (67,'PT05',5)
insert into trao_thuong_dip_dac_biet(idNhap,maPhanThuong, soLuong)values  (32,'PT04',4)
insert into trao_thuong_dip_dac_biet(idNhap,maPhanThuong, soLuong)values  (37,'PT04',5)
insert into trao_thuong_dip_dac_biet(idNhap,maPhanThuong, soLuong)values  (79,'PT04',5)
insert into trao_thuong_dip_dac_biet(idNhap,maPhanThuong, soLuong)values  (82,'PT04',3)
insert into trao_thuong_dip_dac_biet(idNhap,maPhanThuong, soLuong)values  (35,'PT01',1)
insert into trao_thuong_dip_dac_biet(idNhap,maPhanThuong, soLuong)values  (43,'PT05',1)
insert into trao_thuong_dip_dac_biet(idNhap,maPhanThuong, soLuong)values  (41,'PT04',2)
insert into trao_thuong_dip_dac_biet(idNhap,maPhanThuong, soLuong)values  (38,'PT04',4)
insert into trao_thuong_dip_dac_biet(idNhap,maPhanThuong, soLuong)values  (95,'PT04',1)
insert into trao_thuong_dip_dac_biet(idNhap,maPhanThuong, soLuong)values  (19,'PT05',3)
insert into trao_thuong_dip_dac_biet(idNhap,maPhanThuong, soLuong)values  (4,'PT05',3)
insert into trao_thuong_dip_dac_biet(idNhap,maPhanThuong, soLuong)values  (49,'PT01',5)
insert into trao_thuong_dip_dac_biet(idNhap,maPhanThuong, soLuong)values  (10,'PT04',5)
insert into trao_thuong_dip_dac_biet(idNhap,maPhanThuong, soLuong)values  (88,'PT01',4)
insert into trao_thuong_dip_dac_biet(idNhap,maPhanThuong, soLuong)values  (26,'PT04',2)
insert into trao_thuong_dip_dac_biet(idNhap,maPhanThuong, soLuong)values  (51,'PT01',4)
insert into trao_thuong_dip_dac_biet(idNhap,maPhanThuong, soLuong)values  (82,'PT04',3)
insert into trao_thuong_dip_dac_biet(idNhap,maPhanThuong, soLuong)values  (17,'PT01',5)
insert into trao_thuong_dip_dac_biet(idNhap,maPhanThuong, soLuong)values  (13,'PT05',1)
insert into trao_thuong_dip_dac_biet(idNhap,maPhanThuong, soLuong)values  (9,'PT04',5)
insert into trao_thuong_dip_dac_biet(idNhap,maPhanThuong, soLuong)values  (8,'PT04',1)
insert into trao_thuong_dip_dac_biet(idNhap,maPhanThuong, soLuong)values  (10,'PT05',3)
insert into trao_thuong_dip_dac_biet(idNhap,maPhanThuong, soLuong)values  (1,'PT05',3)
insert into trao_thuong_dip_dac_biet(idNhap,maPhanThuong, soLuong)values  (60,'PT01',2)
insert into trao_thuong_dip_dac_biet(idNhap,maPhanThuong, soLuong)values  (95,'PT04',5)
insert into trao_thuong_dip_dac_biet(idNhap,maPhanThuong, soLuong)values  (90,'PT01',2)
insert into trao_thuong_dip_dac_biet(idNhap,maPhanThuong, soLuong)values  (37,'PT05',3)
insert into trao_thuong_dip_dac_biet(idNhap,maPhanThuong, soLuong)values  (41,'PT04',2)
insert into trao_thuong_dip_dac_biet(idNhap,maPhanThuong, soLuong)values  (73,'PT05',4)
insert into trao_thuong_dip_dac_biet(idNhap,maPhanThuong, soLuong)values  (2,'PT05',3)
insert into trao_thuong_dip_dac_biet(idNhap,maPhanThuong, soLuong)values  (61,'PT01',3)
insert into trao_thuong_dip_dac_biet(idNhap,maPhanThuong, soLuong)values  (83,'PT01',3)
insert into trao_thuong_dip_dac_biet(idNhap,maPhanThuong, soLuong)values  (59,'PT05',1)
insert into trao_thuong_dip_dac_biet(idNhap,maPhanThuong, soLuong)values  (87,'PT01',4)
insert into trao_thuong_dip_dac_biet(idNhap,maPhanThuong, soLuong)values  (50,'PT01',2)
insert into trao_thuong_dip_dac_biet(idNhap,maPhanThuong, soLuong)values  (15,'PT04',3)
insert into trao_thuong_dip_dac_biet(idNhap,maPhanThuong, soLuong)values  (48,'PT05',2)
insert into trao_thuong_dip_dac_biet(idNhap,maPhanThuong, soLuong)values  (94,'PT04',1)
insert into trao_thuong_dip_dac_biet(idNhap,maPhanThuong, soLuong)values  (26,'PT01',1)
insert into trao_thuong_dip_dac_biet(idNhap,maPhanThuong, soLuong)values  (33,'PT05',3)
insert into trao_thuong_dip_dac_biet(idNhap,maPhanThuong, soLuong)values  (65,'PT04',5)
insert into trao_thuong_dip_dac_biet(idNhap,maPhanThuong, soLuong)values  (27,'PT05',1)
insert into trao_thuong_dip_dac_biet(idNhap,maPhanThuong, soLuong)values  (56,'PT04',5)
insert into trao_thuong_dip_dac_biet(idNhap,maPhanThuong, soLuong)values  (34,'PT04',3)
insert into trao_thuong_dip_dac_biet(idNhap,maPhanThuong, soLuong)values  (88,'PT01',2)
insert into trao_thuong_dip_dac_biet(idNhap,maPhanThuong, soLuong)values  (35,'PT01',5)
insert into trao_thuong_dip_dac_biet(idNhap,maPhanThuong, soLuong)values  (10,'PT05',3)
insert into trao_thuong_dip_dac_biet(idNhap,maPhanThuong, soLuong)values  (77,'PT05',2)
insert into trao_thuong_dip_dac_biet(idNhap,maPhanThuong, soLuong)values  (49,'PT05',3)
insert into trao_thuong_dip_dac_biet(idNhap,maPhanThuong, soLuong)values  (29,'PT05',1)
insert into trao_thuong_dip_dac_biet(idNhap,maPhanThuong, soLuong)values  (27,'PT04',4)
insert into trao_thuong_dip_dac_biet(idNhap,maPhanThuong, soLuong)values  (56,'PT04',3)
insert into trao_thuong_dip_dac_biet(idNhap,maPhanThuong, soLuong)values  (47,'PT01',1)
insert into trao_thuong_dip_dac_biet(idNhap,maPhanThuong, soLuong)values  (82,'PT01',5)
insert into trao_thuong_dip_dac_biet(idNhap,maPhanThuong, soLuong)values  (59,'PT05',4)
insert into trao_thuong_dip_dac_biet(idNhap,maPhanThuong, soLuong)values  (41,'PT04',2)
insert into trao_thuong_dip_dac_biet(idNhap,maPhanThuong, soLuong)values  (46,'PT05',1)
insert into trao_thuong_dip_dac_biet(idNhap,maPhanThuong, soLuong)values  (87,'PT04',1)
insert into trao_thuong_dip_dac_biet(idNhap,maPhanThuong, soLuong)values  (75,'PT04',5)
insert into trao_thuong_dip_dac_biet(idNhap,maPhanThuong, soLuong)values  (90,'PT05',5)
insert into trao_thuong_dip_dac_biet(idNhap,maPhanThuong, soLuong)values  (87,'PT01',4)
insert into trao_thuong_dip_dac_biet(idNhap,maPhanThuong, soLuong)values  (72,'PT05',3)
insert into trao_thuong_dip_dac_biet(idNhap,maPhanThuong, soLuong)values  (69,'PT04',5)
insert into trao_thuong_dip_dac_biet(idNhap,maPhanThuong, soLuong)values  (12,'PT01',4)
insert into trao_thuong_dip_dac_biet(idNhap,maPhanThuong, soLuong)values  (83,'PT01',1)
insert into trao_thuong_dip_dac_biet(idNhap,maPhanThuong, soLuong)values  (4,'PT05',3)
insert into trao_thuong_dip_dac_biet(idNhap,maPhanThuong, soLuong)values  (99,'PT04',3)
insert into trao_thuong_dip_dac_biet(idNhap,maPhanThuong, soLuong)values  (62,'PT01',3)
insert into trao_thuong_dip_dac_biet(idNhap,maPhanThuong, soLuong)values  (48,'PT05',2)
insert into trao_thuong_dip_dac_biet(idNhap,maPhanThuong, soLuong)values  (52,'PT05',2)
insert into trao_thuong_dip_dac_biet(idNhap,maPhanThuong, soLuong)values  (88,'PT05',1)
insert into trao_thuong_dip_dac_biet(idNhap,maPhanThuong, soLuong)values  (30,'PT01',4)
insert into trao_thuong_dip_dac_biet(idNhap,maPhanThuong, soLuong)values  (89,'PT05',2)
insert into trao_thuong_dip_dac_biet(idNhap,maPhanThuong, soLuong)values  (36,'PT01',4)
insert into trao_thuong_dip_dac_biet(idNhap,maPhanThuong, soLuong)values  (67,'PT01',5)
insert into trao_thuong_dip_dac_biet(idNhap,maPhanThuong, soLuong)values  (15,'PT01',1)
insert into trao_thuong_dip_dac_biet(idNhap,maPhanThuong, soLuong)values  (48,'PT01',2)
insert into trao_thuong_dip_dac_biet(idNhap,maPhanThuong, soLuong)values  (94,'PT01',5)
insert into trao_thuong_dip_dac_biet(idNhap,maPhanThuong, soLuong)values  (1,'PT01',3)
insert into trao_thuong_dip_dac_biet(idNhap,maPhanThuong, soLuong)values  (60,'PT04',2)
insert into trao_thuong_dip_dac_biet(idNhap,maPhanThuong, soLuong)values  (81,'PT04',5)
insert into trao_thuong_dip_dac_biet(idNhap,maPhanThuong, soLuong)values  (22,'PT01',5)
insert into trao_thuong_dip_dac_biet(idNhap,maPhanThuong, soLuong)values  (80,'PT01',2)
insert into trao_thuong_dip_dac_biet(idNhap,maPhanThuong, soLuong)values  (22,'PT04',4)
insert into trao_thuong_dip_dac_biet(idNhap,maPhanThuong, soLuong)values  (40,'PT05',2)
insert into trao_thuong_dip_dac_biet(idNhap,maPhanThuong, soLuong)values  (40,'PT01',5)

--thong_tin_thanh_tich--





